DATE,BTC,오픈,고가,저가,거래량,변동 %
2022-05-29,29356.6,29027.1,29462.6,28838.7,35.51K,1.14%
2022-05-28,29027.1,28620.1,29194.4,28537.2,43.87K,1.49%
2022-05-27,28601.2,29194.0,29377.1,28282.2,116.41K,-2.06%
2022-05-26,29203.5,29537.9,29868.9,28077.9,126.71K,-1.14%
2022-05-25,29540.6,29648.7,30202.3,29353.5,78.85K,-0.36%
2022-05-24,29648.7,29091.6,29810.8,28706.1,79.42K,1.91%
2022-05-23,29093.3,30287.3,30644.8,28913.6,92.10K,-3.94%
2022-05-22,30286.6,29433.0,30462.0,29260.1,50.60K,2.89%
2022-05-21,29434.6,29188.7,29623.2,28953.9,32.27K,0.88%
2022-05-20,29178.6,30305.9,30735.1,28738.5,98.78K,-3.72%
2022-05-19,30305.9,28700.4,30525.1,28682.1,101.38K,5.66%
2022-05-18,28683.7,30437.5,30687.9,28648.1,92.03K,-5.76%
2022-05-17,30437.5,29856.7,30720.1,29484.5,79.63K,1.97%
2022-05-16,29849.0,31308.3,31312.4,29135.8,100.25K,-4.66%
2022-05-15,31308.7,30078.6,31383.8,29499.4,65.44K,4.08%
2022-05-14,30080.4,29285.2,30277.4,28666.7,70.46K,2.72%
2022-05-13,29284.4,28994.3,31002.7,28755.0,141.23K,1.06%
2022-05-12,28976.0,29073.4,30136.7,26500.5,309.48K,-0.32%
2022-05-11,29068.2,31008.0,32113.6,27835.5,296.90K,-6.25%
2022-05-10,31007.5,30098.2,32621.2,29831.0,235.61K,3.03%
2022-05-09,30095.0,34041.0,34227.0,30095.0,268.09K,-11.64%
2022-05-08,34060.0,35468.0,35497.0,33727.0,671.05M,-3.97%
2022-05-07,35468.0,36003.0,36119.0,34773.0,288.86M,-1.50%
2022-05-06,36009.0,36540.0,36646.0,35267.0,752.84M,-1.46%
2022-05-05,36544.0,39686.0,39833.0,36183.0,1.04B,-7.92%
2022-05-04,39688.0,37717.0,40021.0,37660.0,691.49M,5.22%
2022-05-03,37718.0,38515.0,38647.0,37513.0,367.21M,-2.07%
2022-05-02,38514.0,38472.0,39134.0,38061.0,580.79M,0.14%
2022-05-01,38461.0,37642.0,38676.0,37397.0,276.99M,2.15%
2022-04-30,37650.0,38590.0,38776.0,37596.0,248.22M,-2.41%
2022-04-29,38581.0,39748.0,39919.0,38175.0,382.90M,-2.94%
2022-04-28,39748.0,39243.0,40382.0,38888.0,542.39M,1.29%
2022-04-27,39243.0,38113.0,39447.0,37869.0,426.83M,2.96%
2022-04-26,38113.0,40443.0,40770.0,37708.0,681.47M,-5.72%
2022-04-25,40427.0,39464.0,40599.0,38233.0,654.60M,2.44%
2022-04-24,39464.0,39434.0,39929.0,39033.0,283.63M,0.12%
2022-04-23,39418.0,39709.0,39973.0,39291.0,190.60M,-0.73%
2022-04-22,39709.0,40487.0,40792.0,39200.0,421.30M,-1.91%
2022-04-21,40482.0,41370.0,42969.0,39793.0,493.05M,-2.14%
2022-04-20,41368.0,41499.0,42203.0,40915.0,382.84M,-0.33%
2022-04-19,41503.0,40809.0,41746.0,40585.0,268.28M,1.72%
2022-04-18,40803.0,39700.0,41095.0,38577.0,484.26M,2.77%
2022-04-17,39703.0,40382.0,40599.0,39561.0,210.01M,-1.68%
2022-04-16,40382.0,40571.0,40691.0,40003.0,151.31M,-0.44%
2022-04-15,40560.0,39936.0,40850.0,39781.0,233.09M,1.56%
2022-04-14,39936.0,41133.0,41494.0,39585.0,294.29M,-2.91%
2022-04-13,41133.0,40072.0,41515.0,39581.0,406.70M,2.63%
2022-04-12,40078.0,39507.0,40678.0,39265.0,468.27M,1.47%
2022-04-11,39497.0,42144.0,42418.0,39202.0,608.38M,-6.27%
2022-04-10,42138.0,42760.0,43421.0,41884.0,255.83M,-1.47%
2022-04-09,42767.0,42275.0,42809.0,42129.0,165.16M,1.16%
2022-04-08,42275.0,43450.0,43979.0,42113.0,467.83M,-2.70%
2022-04-07,43448.0,43166.0,43893.0,42747.0,390.85M,0.64%
2022-04-06,43173.0,45494.0,45519.0,43122.0,649.52M,-5.13%
2022-04-05,45506.0,46614.0,47201.0,45388.0,421.11M,-2.41%
2022-04-04,46629.0,46407.0,46899.0,45152.0,446.12M,0.48%
2022-04-03,46407.0,45813.0,47435.0,45554.0,398.86M,1.30%
2022-04-02,45811.0,46299.0,47212.0,45641.0,345.93M,-1.05%
2022-04-01,46297.0,45529.0,46728.0,44261.0,632.93M,1.70%
2022-03-31,45525.0,47071.0,47624.0,45228.0,520.00M,-3.29%
2022-03-30,47075.0,47449.0,47714.0,46601.0,467.76M,-0.79%
2022-03-29,47449.0,47126.0,48127.0,47029.0,478.82M,0.73%
2022-03-28,47105.0,46859.0,48199.0,46672.0,610.27M,0.52%
2022-03-27,46859.0,44542.0,46947.0,44445.0,388.79M,5.19%
2022-03-26,44548.0,44331.0,44818.0,44090.0,196.30M,0.49%
2022-03-25,44331.0,44013.0,45112.0,43622.0,494.09M,0.72%
2022-03-24,44013.0,42911.0,44251.0,42658.0,491.66M,2.57%
2022-03-23,42912.0,42373.0,43027.0,41795.0,433.96M,1.27%
2022-03-22,42373.0,41022.0,43327.9,40893.0,537.06M,3.29%
2022-03-21,41022.0,41282.0,41532.0,40530.0,406.62M,-0.62%
2022-03-20,41276.0,42241.0,42301.0,40922.0,308.45M,-2.27%
2022-03-19,42233.0,41768.0,42386.0,41529.6,224.59M,1.11%
2022-03-18,41767.8,40914.6,42308.4,40234.8,2.31B,2.08%
2022-03-17,40914.8,41118.7,41406.0,40557.8,1.90B,-0.50%
2022-03-16,41118.7,39282.5,41701.6,38953.2,4.47B,4.67%
2022-03-15,39285.7,39673.0,39854.7,38220.9,2.25B,-0.97%
2022-03-14,39671.1,37789.5,39914.3,37613.6,2.33B,4.97%
2022-03-13,37792.4,38813.2,39272.3,37603.4,1.55B,-2.63%
2022-03-12,38814.3,38730.2,39355.3,38666.5,1.11B,0.22%
2022-03-11,38730.2,39422.5,40177.0,38236.4,2.79B,-1.74%
2022-03-10,39416.3,41933.9,42029.1,38603.5,3.62B,-5.99%
2022-03-09,41929.0,38731.5,42538.5,38663.3,3.60B,8.22%
2022-03-08,38744.8,38020.6,39351.5,37886.6,2.67B,1.89%
2022-03-07,38024.8,38420.6,39532.0,37182.1,3.02B,-0.99%
2022-03-06,38403.1,39396.3,39668.1,38115.0,1.93B,-2.52%
2022-03-05,39395.8,39142.8,39600.2,38626.1,1.50B,0.65%
2022-03-04,39142.7,42463.0,42848.7,38594.9,3.21B,-7.82%
2022-03-03,42463.0,43912.8,44077.2,41840.8,74.11K,-3.30%
2022-03-02,43912.8,44420.3,45294.2,43361.3,80.82K,-1.14%
2022-03-01,44420.3,43187.2,44900.5,42876.6,90.67K,2.85%
2022-02-28,43188.2,37707.2,43977.8,37458.9,108.07K,14.59%
2022-02-27,37689.1,39116.6,39838.5,37062.3,66.14K,-3.65%
2022-02-26,39115.5,39221.6,40094.5,38639.1,41.55K,-0.24%
2022-02-25,39209.6,38339.2,39683.7,38042.6,83.78K,2.27%
2022-02-24,38339.2,37250.2,39351.6,34357.4,180.47K,2.99%
2022-02-23,37224.6,38248.2,39194.5,37099.5,64.84K,-2.68%
2022-02-22,38248.2,37018.3,38414.9,36399.6,82.75K,3.32%
2022-02-21,37017.7,38355.0,39444.1,36868.9,91.82K,-3.49%
2022-02-20,38355.0,40089.6,40120.3,38042.2,47.92K,-4.33%
2022-02-19,40090.3,40000.1,40434.3,39666.6,25.78K,0.23%
2022-02-18,40000.1,40532.5,40935.5,39505.0,64.96K,-1.36%
2022-02-17,40552.8,43885.5,44167.1,40103.8,72.63K,-7.59%
2022-02-16,43883.6,44540.9,44552.9,43377.6,41.40K,-1.48%
2022-02-15,44544.4,42550.3,44722.6,42460.1,56.34K,4.69%
2022-02-14,42550.3,42061.1,42799.7,41591.3,53.60K,1.16%
2022-02-13,42061.1,42205.5,42725.1,41880.1,25.88K,-0.34%
2022-02-12,42205.2,42388.4,43006.4,41776.8,37.88K,-0.43%
2022-02-11,42388.4,43519.3,43915.1,42023.4,69.95K,-2.60%
2022-02-10,43521.0,44388.9,45755.2,43242.5,89.69K,-1.96%
2022-02-09,44388.9,44038.2,44800.4,43163.0,50.92K,0.80%
2022-02-08,44038.2,43833.9,45399.8,42705.0,92.88K,0.47%
2022-02-07,43833.9,42385.2,44468.3,41695.4,76.60K,3.40%
2022-02-06,42392.2,41411.9,42614.8,41176.3,31.20K,2.37%
2022-02-05,41412.1,41566.5,41899.8,40963.3,46.32K,-0.37%
2022-02-04,41567.6,37287.8,41689.0,37041.1,95.49K,11.48%
2022-02-03,37287.8,36890.2,37304.3,36297.3,50.35K,1.08%
2022-02-02,36890.2,38711.2,38853.8,36682.3,53.74K,-4.70%
2022-02-01,38709.7,38475.6,39230.0,38037.9,55.20K,0.55%
2022-01-31,38498.6,37923.8,38701.4,36672.8,61.27K,1.53%
2022-01-30,37917.7,38167.5,38313.3,37390.6,34.10K,-0.66%
2022-01-29,38170.8,37736.5,38663.7,37350.2,42.77K,1.13%
2022-01-28,37745.1,37195.6,37995.9,36176.5,69.45K,1.56%
2022-01-27,37164.3,36800.1,37215.4,35543.2,83.52K,0.99%
2022-01-26,36800.4,36962.3,38862.6,36280.0,107.87K,-0.41%
2022-01-25,36950.6,36691.3,37501.8,35729.3,79.68K,0.72%
2022-01-24,36686.3,36268.6,37424.0,32985.6,153.77K,1.15%
2022-01-23,36269.5,35072.9,36513.0,34655.2,70.43K,3.40%
2022-01-22,35075.2,36467.7,36749.8,34116.0,138.09K,-3.84%
2022-01-21,36475.5,40698.1,41104.6,35503.9,155.80K,-10.41%
2022-01-20,40715.9,41683.6,43487.1,40568.3,65.28K,-2.31%
2022-01-19,41677.8,42365.3,42558.0,41160.9,53.77K,-1.62%
2022-01-18,42364.6,42209.9,42674.2,41300.7,47.32K,0.37%
2022-01-17,42209.3,43080.5,43179.6,41559.4,41.44K,-2.02%
2022-01-16,43079.1,43079.2,43462.0,42643.3,28.66K,-0.04%
2022-01-15,43097.0,43073.6,43777.9,42586.1,31.44K,0.06%
2022-01-14,43073.3,42562.2,43435.1,41848.7,50.50K,1.21%
2022-01-13,42560.0,43900.0,44404.7,42337.5,53.42K,-3.05%
2022-01-12,43901.0,42735.0,44243.6,42476.7,53.95K,2.73%
2022-01-11,42733.2,41829.1,43090.2,41287.6,61.78K,2.15%
2022-01-10,41832.2,41848.9,42243.8,39697.0,85.50K,-0.04%
2022-01-09,41848.3,41681.2,42764.4,41260.9,37.51K,0.42%
2022-01-08,41672.0,41551.3,42304.4,40574.3,52.54K,0.30%
2022-01-07,41546.7,43097.9,43127.7,40810.0,88.36K,-3.60%
2022-01-06,43097.5,43431.6,43772.3,42481.1,63.08K,-0.76%
2022-01-05,43425.9,45833.1,47019.4,42535.1,83.74K,-5.26%
2022-01-04,45837.3,46435.7,47505.4,45602.1,55.59K,-1.28%
2022-01-03,46430.2,47293.9,47556.0,45704.0,41.06K,-1.86%
2022-01-02,47311.8,47738.7,47944.9,46718.2,27.02K,-0.89%
2022-01-01,47738.0,46217.5,47917.6,46217.5,31.24K,3.29%
2021-12-31,46219.5,47123.3,48553.9,45693.6,58.18K,-1.92%
2021-12-30,47123.3,46470.7,47901.4,46003.0,60.96K,1.42%
2021-12-29,46461.7,47548.4,48121.7,46127.8,63.92K,-2.28%
2021-12-28,47545.2,50703.4,50703.8,47345.7,74.39K,-6.18%
2021-12-27,50678.2,50783.6,52016.3,50459.0,43.90K,-0.20%
2021-12-26,50779.9,50404.0,51247.0,49527.0,32.34K,0.74%
2021-12-25,50406.4,50789.6,51140.2,50196.8,26.67K,-0.75%
2021-12-24,50786.1,50807.4,51795.3,50428.4,45.97K,-0.03%
2021-12-23,50801.0,48599.6,51355.6,48053.4,56.24K,4.53%
2021-12-22,48599.7,48898.7,49540.3,48449.7,40.89K,-0.62%
2021-12-21,48902.0,46900.1,49306.1,46654.0,57.88K,4.28%
2021-12-20,46895.2,46703.4,47488.9,45577.3,57.53K,0.41%
2021-12-19,46704.5,46855.7,48270.2,46438.4,44.05K,-0.32%
2021-12-18,46856.2,46171.8,47330.2,45513.4,36.93K,1.48%
2021-12-17,46172.2,47630.4,47997.2,45523.8,67.50K,-3.06%
2021-12-16,47628.2,48876.6,49387.8,47543.9,48.20K,-2.54%
2021-12-15,48871.5,48366.2,49477.9,46572.6,80.28K,1.04%
2021-12-14,48366.5,46709.8,48635.0,46338.3,62.54K,3.56%
2021-12-13,46703.6,50075.9,50196.1,45848.2,80.37K,-6.74%
2021-12-12,50081.0,49332.5,50779.2,48670.5,40.30K,1.55%
2021-12-11,49314.5,47138.4,49487.0,46834.0,45.23K,4.62%
2021-12-10,47137.2,47591.7,49974.8,47007.1,68.06K,-0.97%
2021-12-09,47596.6,50477.6,50790.2,47341.9,58.69K,-5.70%
2021-12-08,50473.9,50596.6,51204.7,48700.7,55.59K,-0.24%
2021-12-07,50595.2,50547.4,51918.6,50070.9,56.29K,0.07%
2021-12-06,50562.1,49412.1,50913.3,47237.9,89.68K,2.34%
2021-12-05,49405.5,49196.4,49689.3,47797.8,72.03K,0.43%
2021-12-04,49195.2,53620.7,53847.2,42587.8,168.00K,-8.27%
2021-12-03,53631.5,56495.2,57543.6,52008.9,89.20K,-5.07%
2021-12-02,56496.0,57207.8,57377.5,55807.9,54.94K,-1.25%
2021-12-01,57210.3,56891.7,59064.3,56496.5,66.75K,0.58%
2021-11-30,56882.9,57795.2,59174.4,55936.9,73.66K,-1.58%
2021-11-29,57794.8,57288.1,58855.2,56726.7,58.65K,0.88%
2021-11-28,57291.5,54758.0,57392.3,53448.3,49.28K,4.61%
2021-11-27,54765.9,53747.2,55280.3,53654.3,40.71K,1.93%
2021-11-26,53730.9,58937.3,59151.1,53533.5,104.03K,-8.83%
2021-11-25,58935.1,57167.1,59387.3,57029.8,56.79K,3.08%
2021-11-24,57171.7,57559.4,57697.4,55910.6,56.68K,-0.70%
2021-11-23,57573.2,56304.8,57855.1,55542.5,72.48K,2.25%
2021-11-22,56308.8,58719.7,59288.3,55656.8,76.45K,-4.10%
2021-11-21,58714.3,59724.0,60002.6,58528.3,40.98K,-1.68%
2021-11-20,59717.6,58080.8,59854.6,57435.3,44.53K,2.81%
2021-11-19,58083.4,56908.3,58335.9,55626.3,74.44K,1.98%
2021-11-18,56955.3,60368.2,60936.9,56524.4,100.37K,-5.65%
2021-11-17,60367.8,60074.2,60814.5,58531.9,73.93K,0.46%
2021-11-16,60089.1,63605.1,63605.6,58655.9,115.36K,-5.52%
2021-11-15,63597.9,65514.9,66311.2,63439.5,53.53K,-2.92%
2021-11-14,65508.2,64397.2,65508.2,63608.3,33.98K,1.72%
2021-11-13,64398.6,64133.3,64906.0,63381.4,30.34K,0.41%
2021-11-12,64134.5,64782.6,65449.7,62309.7,63.27K,-1.04%
2021-11-11,64806.7,64922.8,65583.3,64121.9,50.37K,-0.19%
2021-11-10,64932.6,66942.6,68990.6,62951.3,96.21K,-2.95%
2021-11-09,66904.4,67528.7,68493.3,66334.9,66.13K,-0.92%
2021-11-08,67527.9,63276.4,67763.3,63276.4,81.08K,6.72%
2021-11-07,63273.2,61483.8,63273.2,61347.2,34.34K,2.91%
2021-11-06,61483.9,60973.2,61543.2,60093.6,34.89K,0.84%
2021-11-05,60974.3,61411.5,62560.3,60742.4,44.46K,-0.71%
2021-11-04,61412.6,62915.4,63077.6,60742.9,49.91K,-2.39%
2021-11-03,62918.5,63223.5,63508.6,60883.0,61.05K,-0.48%
2021-11-02,63221.7,60912.2,64256.4,60651.5,65.26K,3.79%
2021-11-01,60915.3,61310.1,62430.1,59612.7,61.21K,-0.64%
2021-10-31,61309.6,61842.2,62393.7,60005.7,50.06K,-0.86%
2021-10-30,61840.1,62245.0,62338.5,60786.0,40.51K,-0.65%
2021-10-29,62242.8,60579.9,62952.2,60322.2,63.39K,2.74%
2021-10-28,60582.5,58437.2,62251.3,58128.1,88.47K,3.67%
2021-10-27,58438.1,60312.5,61452.9,58112.6,88.11K,-3.11%
2021-10-26,60310.8,63067.5,63275.1,59907.3,57.13K,-4.37%
2021-10-25,63067.0,60864.3,63694.8,60655.8,51.06K,3.62%
2021-10-24,60866.5,61308.2,61469.9,59523.7,42.67K,-0.73%
2021-10-23,61312.5,60693.2,61728.7,59738.3,37.05K,1.03%
2021-10-22,60690.3,62200.8,63699.7,60055.7,75.69K,-2.44%
2021-10-21,62210.2,66004.6,66616.9,62092.1,105.38K,-5.71%
2021-10-20,65979.1,64276.9,66967.1,63543.7,79.87K,2.65%
2021-10-19,64278.5,62030.2,64454.0,61451.0,80.16K,3.58%
2021-10-18,62056.3,61525.8,62623.6,60026.9,80.15K,0.86%
2021-10-17,61527.5,60865.5,61651.4,59143.4,53.39K,1.09%
2021-10-16,60861.1,61669.2,62329.2,60161.9,49.93K,-1.32%
2021-10-15,61672.5,57348.2,62892.8,56874.8,121.48K,7.54%
2021-10-14,57345.8,57370.4,58506.5,56866.8,59.84K,-0.06%
2021-10-13,57380.1,56014.5,57697.4,54314.4,73.62K,2.44%
2021-10-12,56015.9,57480.6,57635.7,54155.4,74.85K,-2.54%
2021-10-11,57477.3,54686.9,57814.1,54457.8,73.84K,5.10%
2021-10-10,54687.7,54942.5,56432.2,54100.8,104.43K,-0.46%
2021-10-09,54942.5,53924.1,55430.8,53711.7,64.65K,1.91%
2021-10-08,53914.7,53785.5,55977.9,53659.3,64.05K,0.24%
2021-10-07,53783.9,55325.2,55325.6,53476.4,75.68K,-2.78%
2021-10-06,55323.2,51470.0,55676.1,50439.5,116.26K,7.49%
2021-10-05,51469.3,49229.5,51872.4,49060.1,76.63K,4.55%
2021-10-04,49227.3,48200.4,49481.7,46958.6,66.92K,2.13%
2021-10-03,48200.1,47665.4,49165.2,47123.0,42.41K,1.12%
2021-10-02,47666.9,48147.2,48306.9,47451.7,39.82K,-1.00%
2021-10-01,48146.0,43824.4,48435.2,43292.9,94.66K,9.86%
2021-09-30,43823.3,41534.5,44101.2,41416.7,64.32K,5.50%
2021-09-29,41536.8,41023.1,42571.2,40815.0,48.21K,1.25%
2021-09-28,41022.3,42169.9,42758.8,40906.4,60.01K,-2.73%
2021-09-27,42172.6,43200.9,44293.2,42143.9,54.12K,-2.39%
2021-09-26,43203.4,42685.8,43907.3,40786.6,69.91K,1.21%
2021-09-25,42686.8,42818.7,42959.3,41714.5,46.35K,-0.31%
2021-09-24,42819.9,44867.4,45112.0,40908.5,128.88K,-4.57%
2021-09-23,44869.2,43550.7,44949.8,43090.1,74.54K,3.03%
2021-09-22,43551.6,40660.8,43976.7,40585.7,93.98K,7.13%
2021-09-21,40651.3,43012.3,43619.3,39646.8,142.55K,-5.18%
2021-09-20,42870.6,47240.8,47323.9,42547.1,77.96K,-9.25%
2021-09-19,47238.7,48299.9,48341.9,46866.6,41.98K,-2.21%
2021-09-18,48306.7,47283.9,48761.0,47070.5,43.64K,2.17%
2021-09-17,47282.8,47748.2,48155.9,46788.8,50.16K,-0.97%
2021-09-16,47748.0,48132.3,48480.6,47040.3,60.91K,-0.80%
2021-09-15,48130.6,47070.8,48436.5,46743.9,63.40K,2.24%
2021-09-14,47077.5,44950.2,47247.6,44718.7,65.33K,4.73%
2021-09-13,44949.5,46060.8,46807.7,43463.2,96.15K,-2.42%
2021-09-12,46062.3,45162.6,46386.4,44755.2,44.52K,1.99%
2021-09-11,45161.9,44844.9,45975.6,44766.6,41.58K,0.71%
2021-09-10,44842.8,46385.9,47021.6,44283.6,75.62K,-3.33%
2021-09-09,46385.6,46057.6,47305.7,45609.0,73.63K,0.70%
2021-09-08,46061.4,46774.1,47316.9,44493.7,100.48K,-1.54%
2021-09-07,46779.6,52674.2,52885.3,43072.4,187.56K,-11.19%
2021-09-06,52672.1,51769.4,52726.2,51002.8,69.46K,1.75%
2021-09-05,51768.6,49918.7,51878.2,49492.4,57.30K,3.71%
2021-09-04,49918.4,49999.3,50534.6,49461.4,48.14K,-0.16%
2021-09-03,49999.0,49269.5,51008.8,48377.3,88.08K,1.47%
2021-09-02,49274.3,48817.8,50355.3,48612.9,80.21K,0.93%
2021-09-01,48819.4,47129.2,49121.0,46533.1,74.38K,3.58%
2021-08-31,47130.4,46989.1,48217.0,46709.3,71.48K,0.29%
2021-08-30,46992.7,48777.1,48886.0,46876.9,61.68K,-3.66%
2021-08-29,48777.4,48899.7,49621.7,47870.1,47.62K,-0.24%
2021-08-28,48897.1,49062.8,49289.4,48428.5,36.73K,-0.34%
2021-08-27,49064.3,46830.2,49142.0,46371.5,62.47K,4.77%
2021-08-26,46831.6,48994.4,49347.8,46360.4,73.79K,-4.41%
2021-08-25,48994.5,47707.4,49230.2,47163.3,63.54K,2.68%
2021-08-24,47714.7,49532.5,49847.4,47623.6,74.26K,-3.68%
2021-08-23,49539.7,49255.4,50498.8,49038.6,75.37K,0.58%
2021-08-22,49254.5,48870.4,49480.3,48151.0,49.32K,0.77%
2021-08-21,48875.8,49330.0,49719.1,48293.5,18.20K,-0.91%
2021-08-20,49324.0,46756.7,49343.3,46646.8,83.19K,5.49%
2021-08-19,46755.9,44725.9,47012.3,43986.7,77.92K,4.54%
2021-08-18,44723.8,44691.1,46004.9,44230.0,22.36K,0.07%
2021-08-17,44691.6,45907.5,47140.6,44441.3,84.14K,-2.84%
2021-08-16,45996.3,46991.6,48002.4,45672.1,2.41K,-2.12%
2021-08-15,46991.3,47082.6,47344.1,45564.1,58.11K,-0.19%
2021-08-14,47081.5,47809.6,48090.9,46117.2,64.29K,-1.52%
2021-08-13,47809.1,44404.0,47836.0,44242.4,75.27K,7.67%
2021-08-12,44403.4,45562.3,46213.8,43814.7,81.07K,-2.55%
2021-08-11,45564.3,45593.2,46736.5,45367.9,75.43K,-0.06%
2021-08-10,45593.8,46281.8,46663.4,44681.2,80.55K,-1.49%
2021-08-09,46284.3,43794.9,46460.7,42824.1,117.08K,5.69%
2021-08-08,43792.8,44584.9,45284.1,43314.4,105.25K,-1.84%
2021-08-07,44614.2,42784.7,44697.3,42611.0,112.84K,4.25%
2021-08-06,42795.4,40868.4,43253.4,39905.4,111.93K,4.72%
2021-08-05,40867.2,39734.4,41366.3,37365.4,130.60K,2.84%
2021-08-04,39736.9,38188.4,39956.5,37556.0,79.22K,4.21%
2021-08-03,38130.3,39167.4,39766.6,37688.2,0.26K,-2.65%
2021-08-02,39168.4,39869.8,40449.0,38692.5,74.81K,-1.78%
2021-08-01,39878.3,41510.0,42565.0,39556.5,80.33K,-4.03%
2021-07-31,41553.7,42201.4,42285.3,41066.4,44.65K,-1.54%
2021-07-30,42203.4,40001.1,42264.4,38358.4,98.45K,5.50%
2021-07-29,40001.4,40009.0,40630.7,39340.8,75.30K,0.00%
2021-07-28,40003.2,39450.4,40862.2,38883.8,148.92K,1.40%
2021-07-27,39452.0,37294.3,39455.9,36427.4,100.24K,5.84%
2021-07-26,37276.6,35392.3,40522.9,35236.7,177.63K,5.33%
2021-07-25,35391.1,34392.5,35391.1,33881.3,65.10K,4.63%
2021-07-24,33824.8,33600.5,33955.0,33412.9,67.14K,0.66%
2021-07-23,33603.3,32297.9,33605.6,32041.1,66.15K,4.04%
2021-07-22,32298.9,32131.7,32585.4,31729.4,64.87K,0.52%
2021-07-21,32131.4,29794.7,32794.6,29519.3,118.34K,7.85%
2021-07-20,29793.8,30835.4,31040.8,29310.2,97.46K,-3.38%
2021-07-19,30837.2,31782.9,31887.0,30478.2,77.48K,-2.98%
2021-07-18,31785.4,31517.9,32408.2,31220.6,57.01K,0.85%
2021-07-17,31518.6,31384.4,31914.8,31207.8,58.06K,0.40%
2021-07-16,31394.0,31842.3,32239.8,31062.2,70.48K,-1.40%
2021-07-15,31840.5,32820.5,33157.0,31175.8,76.95K,-2.99%
2021-07-14,32820.7,32727.8,33051.9,31611.2,69.56K,0.28%
2021-07-13,32728.1,33106.1,33307.7,32259.5,60.04K,-1.16%
2021-07-12,33113.0,34228.3,34598.0,32662.8,63.24K,-3.26%
2021-07-11,34227.7,33510.8,34580.6,33319.8,35.72K,2.14%
2021-07-10,33510.6,33797.7,34221.0,33056.8,50.94K,-0.85%
2021-07-09,33797.4,32866.3,34079.2,32367.0,67.14K,2.83%
2021-07-08,32866.3,33859.4,33923.2,32146.9,108.09K,-2.96%
2021-07-07,33867.8,34228.7,35036.6,33801.3,72.03K,-1.05%
2021-07-06,34225.6,33688.5,35062.0,33581.7,83.63K,1.60%
2021-07-05,33687.8,35297.0,35300.5,33164.1,88.36K,-4.56%
2021-07-04,35298.2,34742.8,35957.6,34740.1,56.13K,1.60%
2021-07-03,34742.8,33814.2,34909.8,33363.3,55.69K,2.75%
2021-07-02,33813.4,33542.2,33925.9,32734.6,78.93K,0.80%
2021-07-01,33543.6,35030.7,35032.7,32839.2,27.41K,-4.23%
2021-06-30,35026.9,35832.6,36089.5,34126.6,107.07K,-2.25%
2021-06-29,35834.7,34477.3,36590.3,34247.6,97.27K,3.94%
2021-06-28,34475.9,34682.2,35231.2,33944.9,112.00K,-0.58%
2021-06-27,34678.5,32247.1,34685.5,32041.7,148.80K,7.55%
2021-06-26,32243.4,31592.1,32643.0,30206.9,156.67K,2.06%
2021-06-25,31594.0,34660.5,35490.9,31337.9,193.43K,-8.86%
2021-06-24,34665.8,33678.1,35249.9,32356.7,119.25K,2.94%
2021-06-23,33674.3,32498.3,34784.3,31736.5,173.34K,3.62%
2021-06-22,32496.4,31682.7,33272.5,28901.8,309.65K,2.54%
2021-06-21,31692.0,35597.9,35708.4,31284.1,256.87K,-10.97%
2021-06-20,35595.8,35510.9,36097.9,33378.0,137.48K,0.23%
2021-06-19,35513.4,35770.0,36357.3,34845.5,105.46K,-0.66%
2021-06-18,35749.4,38045.5,38166.0,35198.5,102.84K,-6.05%
2021-06-17,38052.0,38337.8,39529.9,37425.3,109.58K,-0.74%
2021-06-16,38336.0,40148.1,40494.4,38156.4,123.52K,-4.53%
2021-06-15,40156.1,40522.5,41318.0,39589.9,117.55K,-0.92%
2021-06-14,40529.4,39024.1,40970.4,38769.9,157.35K,3.86%
2021-06-13,39022.9,35467.5,39321.6,34827.0,123.32K,10.02%
2021-06-12,35467.5,37334.4,37437.3,34703.3,87.73K,-4.95%
2021-06-11,37314.6,36654.3,37641.1,36003.3,109.15K,1.81%
2021-06-10,36649.4,37375.2,38340.8,35824.0,154.32K,-1.83%
2021-06-09,37332.2,33385.5,37517.6,32428.6,209.82K,11.83%
2021-06-08,33382.9,33574.6,34047.8,31158.1,193.54K,-0.58%
2021-06-07,33578.0,35815.4,36754.6,33410.1,119.50K,-6.25%
2021-06-06,35815.4,35518.7,36434.0,35265.3,62.20K,0.83%
2021-06-05,35520.0,36841.2,37887.6,34832.0,101.48K,-3.61%
2021-06-04,36851.3,39191.4,39255.4,35659.9,127.71K,-5.96%
2021-06-03,39187.3,37555.7,39462.3,37193.6,106.44K,4.34%
2021-06-02,37555.8,36687.7,38199.9,35981.1,96.89K,2.37%
2021-06-01,36687.6,37294.3,37850.3,35742.7,113.48K,-1.64%
2021-05-31,37298.6,35644.0,37480.7,34213.2,131.70K,4.62%
2021-05-30,35652.8,34589.3,36388.6,33441.0,104.18K,3.09%
2021-05-29,34584.6,35664.5,37227.1,33664.2,160.43K,-3.02%
2021-05-28,35662.5,38543.2,38844.1,34772.4,199.58K,-7.17%
2021-05-27,38417.3,39249.0,40322.2,37190.8,122.93K,-2.12%
2021-05-26,39249.2,38375.7,40750.0,37847.0,153.80K,2.27%
2021-05-25,38378.3,38753.6,39740.8,36540.7,163.01K,-0.96%
2021-05-24,38750.6,34720.3,39851.7,34474.6,244.88K,11.74%
2021-05-23,34679.7,37446.8,38248.7,31192.4,325.73K,-7.39%
2021-05-22,37448.3,37291.0,38776.0,35314.9,185.83K,0.40%
2021-05-21,37297.4,40611.2,42108.3,33592.3,315.50K,-8.40%
2021-05-20,40717.2,36706.8,42425.9,35010.4,269.75K,10.88%
2021-05-19,36720.5,42898.3,43516.6,30261.7,607.10K,-14.40%
2021-05-18,42897.3,43538.5,45770.9,42293.9,154.96K,-1.48%
2021-05-17,43541.3,46424.2,46545.4,42201.5,274.76K,-6.21%
2021-05-16,46426.4,46729.3,49764.3,43920.8,180.07K,-0.60%
2021-05-15,46708.8,49839.1,50640.9,46650.2,131.91K,-6.28%
2021-05-14,49839.8,49704.9,51459.2,48874.0,118.84K,0.27%
2021-05-13,49704.6,49398.2,51337.3,46331.1,236.71K,0.65%
2021-05-12,49384.2,56694.5,57938.5,49187.0,160.74K,-12.90%
2021-05-11,56695.7,55846.1,56871.1,54550.4,96.47K,1.52%
2021-05-10,55848.9,58251.2,59523.9,53678.3,142.61K,-4.10%
2021-05-09,58238.3,58840.6,59227.0,56414.4,103.59K,-1.02%
2021-05-08,58840.1,57330.3,59471.1,56972.2,101.27K,2.62%
2021-05-07,57337.2,56411.4,58639.3,55300.1,110.01K,1.65%
2021-05-06,56405.4,57441.0,58364.9,55294.5,109.02K,-1.80%
2021-05-05,57441.3,53872.5,57936.4,53872.5,119.82K,6.88%
2021-05-04,53741.5,57170.6,57201.3,53741.5,132.33K,-6.00%
2021-05-03,57169.8,56605.8,58925.1,56562.4,89.24K,1.00%
2021-05-02,56603.8,57807.2,57868.4,56110.5,53.61K,-2.08%
2021-05-01,57807.1,57719.1,58449.4,57029.5,63.41K,0.15%
2021-04-30,57720.3,53562.3,57925.6,53088.7,103.74K,7.77%
2021-04-29,53560.8,54838.6,55173.7,52400.0,83.90K,-2.34%
2021-04-28,54841.4,55036.0,56419.9,53876.4,86.96K,-0.35%
2021-04-27,55036.5,54011.1,55427.8,53345.0,84.08K,1.88%
2021-04-26,54020.5,48963.5,54320.9,48815.9,129.76K,10.33%
2021-04-25,48963.6,50088.2,50532.4,47098.5,59.20K,-2.25%
2021-04-24,50088.9,51140.8,51183.0,48775.2,82.25K,-2.06%
2021-04-23,51143.6,51707.1,52099.9,47659.4,214.46K,-1.13%
2021-04-22,51729.5,53821.3,55408.4,50590.9,168.13K,-3.88%
2021-04-21,53820.2,56479.5,56764.4,53657.6,100.26K,-4.71%
2021-04-20,56483.2,55645.1,57054.9,53422.5,115.49K,1.50%
2021-04-19,55646.1,56208.1,57517.0,54272.3,117.51K,-1.00%
2021-04-18,56207.1,60043.2,60362.1,51817.6,216.81K,-6.39%
2021-04-17,60041.9,61358.3,62509.1,59672.1,84.08K,-2.18%
2021-04-16,61379.7,63211.6,63518.5,60027.3,136.85K,-2.90%
2021-04-15,63216.0,62978.6,63729.1,62067.5,76.97K,0.37%
2021-04-14,62980.4,63544.2,64778.0,61366.3,130.43K,-0.88%
2021-04-13,63540.9,59863.6,63659.0,59839.4,126.56K,6.14%
2021-04-12,59863.8,59982.1,61259.9,59569.2,81.88K,-0.19%
2021-04-11,59978.7,59772.4,60667.1,59250.3,58.20K,0.39%
2021-04-10,59748.4,58127.4,61229.0,57900.0,103.72K,2.80%
2021-04-09,58118.7,58076.8,58890.9,57686.0,59.22K,0.07%
2021-04-08,58077.4,55948.0,58136.7,55721.6,64.78K,3.80%
2021-04-07,55948.7,57996.3,58627.7,55489.3,110.69K,-3.53%
2021-04-06,57996.3,59169.0,59487.0,57403.3,77.15K,-1.69%
2021-04-05,58993.4,58202.3,59205.1,56842.7,54.13K,1.36%
2021-04-04,58199.9,57059.7,58464.8,56470.6,57.21K,2.00%
2021-04-03,57059.9,58976.8,59770.5,56906.7,68.74K,-3.25%
2021-04-02,58977.3,58718.2,60134.9,58466.5,72.37K,0.44%
2021-04-01,58718.3,58763.2,59406.5,58040.7,69.04K,-0.08%
2021-03-31,58763.7,58771.4,59795.6,56991.6,98.06K,-0.01%
2021-03-30,58771.3,57614.6,59366.9,57077.1,86.21K,2.00%
2021-03-29,57616.2,55764.7,58392.6,54951.1,107.91K,3.32%
2021-03-28,55765.2,55856.9,56504.2,54711.3,58.71K,-0.17%
2021-03-27,55862.9,55033.8,56531.1,54010.2,73.87K,1.50%
2021-03-26,55036.1,51317.4,55074.1,51302.0,100.30K,7.24%
2021-03-25,51322.3,52330.0,53175.4,50441.3,143.35K,-1.92%
2021-03-24,52325.4,54309.1,57169.4,51725.4,137.91K,-3.91%
2021-03-23,54452.5,54117.5,55813.8,52992.3,84.84K,0.54%
2021-03-22,54158.3,57379.3,58379.9,53784.2,95.53K,-5.62%
2021-03-21,57383.8,58097.4,58583.8,55583.3,77.47K,-1.22%
2021-03-20,58093.4,58084.1,59882.1,57863.0,67.83K,0.01%
2021-03-19,58088.0,57645.0,59448.3,56305.1,83.98K,0.75%
2021-03-18,57656.0,58911.8,60088.0,57099.6,102.62K,-2.13%
2021-03-17,58913.5,56892.9,58933.2,54253.2,118.26K,3.56%
2021-03-16,56889.7,55619.5,56889.7,53342.6,128.51K,1.97%
2021-03-15,55791.3,59117.4,60565.9,55088.8,117.71K,-5.62%
2021-03-14,59113.7,61192.7,61673.7,59113.7,80.29K,-3.40%
2021-03-13,61195.3,57267.4,61795.8,56118.8,134.64K,6.86%
2021-03-12,57265.1,57806.2,58052.3,55134.5,116.96K,-0.92%
2021-03-11,57799.5,55851.2,58135.0,54351.8,129.63K,3.49%
2021-03-10,55851.9,54882.7,57328.7,53073.6,140.96K,1.77%
2021-03-09,54879.0,52352.4,54880.6,51941.3,114.06K,4.91%
2021-03-08,52311.0,50988.9,52384.9,49338.1,68.14K,2.61%
2021-03-07,50982.3,48899.0,51434.1,48890.6,82.91K,4.35%
2021-03-06,48855.6,48798.7,49191.8,47132.8,66.66K,0.13%
2021-03-05,48792.5,48363.6,49429.4,46370.1,113.64K,0.75%
2021-03-04,48428.0,50388.0,51757.7,47521.8,9.56K,-3.90%
2021-03-03,50395.1,48422.2,52567.9,48159.2,44.93K,4.07%
2021-03-02,48424.2,49595.6,50191.9,47100.6,102.10K,-2.36%
2021-03-01,49595.5,45160.5,49774.0,45008.8,137.52K,9.81%
2021-02-28,45164.0,46136.0,46582.0,43100.6,135.08K,-2.11%
2021-02-27,46136.7,46333.1,48335.1,45059.4,98.75K,-0.45%
2021-02-26,46345.6,46928.5,48413.9,44248.2,189.41K,-1.24%
2021-02-25,46928.5,49695.9,52013.8,46773.7,83.22K,-5.57%
2021-02-24,49697.5,48911.1,51311.8,47031.7,153.75K,1.61%
2021-02-23,48911.2,54114.1,54115.0,45093.8,315.07K,-9.61%
2021-02-22,54111.8,57437.6,57480.8,48353.8,244.95K,-5.78%
2021-02-21,57433.8,55907.6,58335.1,55502.7,87.26K,2.70%
2021-02-20,55923.7,55922.0,57523.8,54124.1,127.85K,0.03%
2021-02-19,55906.6,51590.1,56238.5,50816.8,139.43K,8.38%
2021-02-18,51582.2,52094.5,52524.0,50941.6,94.35K,-0.95%
2021-02-17,52079.2,49161.3,52577.7,49018.1,140.03K,5.92%
2021-02-16,49169.7,47934.2,50515.8,47044.4,141.37K,2.57%
2021-02-15,47936.3,48611.1,48936.5,45786.1,123.18K,-1.45%
2021-02-14,48643.4,47172.1,49695.1,47051.9,106.50K,3.13%
2021-02-13,47168.7,47373.1,48097.3,46270.5,89.42K,-0.43%
2021-02-12,47371.7,47995.0,48927.4,46218.6,133.73K,-1.29%
2021-02-11,47990.7,44834.8,48622.1,44041.1,145.77K,7.04%
2021-02-10,44836.0,46507.8,47295.3,43800.5,151.83K,-3.60%
2021-02-09,46508.6,46396.4,48143.5,45104.7,193.87K,0.24%
2021-02-08,46395.7,38853.6,46596.4,38057.0,248.47K,19.41%
2021-02-07,38852.9,39228.9,39691.7,37381.6,125.37K,-1.03%
2021-02-06,39256.6,38300.6,40939.7,38275.3,156.02K,2.50%
2021-02-05,38297.6,36976.4,38303.6,36640.0,100.60K,3.56%
2021-02-04,36982.1,37648.9,38707.9,36380.8,151.44K,-1.77%
2021-02-03,37646.8,35486.9,37646.8,35401.5,131.03K,6.09%
2021-02-02,35485.2,33514.0,35976.1,33462.4,120.85K,5.88%
2021-02-01,33515.7,33106.8,34685.6,32324.9,126.32K,1.23%
2021-01-31,33108.1,34281.6,34348.3,32189.9,101.92K,-3.43%
2021-01-30,34283.1,34300.0,34920.9,32908.5,128.57K,-0.05%
2021-01-29,34301.8,33381.7,38546.0,31953.3,297.73K,2.78%
2021-01-28,33374.8,30408.9,33790.8,29911.9,167.39K,9.77%
2021-01-27,30404.0,32499.6,32545.4,29290.4,194.35K,-6.46%
2021-01-26,32502.1,32244.1,32917.7,30850.0,139.84K,0.77%
2021-01-25,32252.3,32244.3,34854.3,31967.4,142.43K,0.03%
2021-01-24,32241.3,32088.5,33034.8,30982.9,88.21K,0.47%
2021-01-23,32088.9,32994.1,33441.4,31418.2,100.70K,-2.76%
2021-01-22,33000.5,30838.7,33821.2,28871.2,243.09K,7.00%
2021-01-21,30842.1,35472.3,35591.1,30101.8,253.27K,-13.06%
2021-01-20,35476.3,35862.1,36384.4,33444.5,153.61K,-1.46%
2021-01-19,36002.9,36630.6,37821.0,36001.4,79.11K,-1.67%
2021-01-18,36613.2,35838.2,37436.8,34801.0,111.52K,2.16%
2021-01-17,35839.6,36020.1,36801.3,33883.5,126.82K,-0.50%
2021-01-16,36019.5,36751.8,37931.7,35408.4,137.02K,-2.24%
2021-01-15,36845.8,39175.7,39715.0,34488.7,118.42K,-5.95%
2021-01-14,39175.7,37383.4,40054.3,36772.1,172.40K,4.80%
2021-01-13,37382.2,34061.2,37764.6,32451.9,209.93K,9.70%
2021-01-12,34076.1,35426.0,36598.7,32572.7,241.93K,-4.13%
2021-01-11,35544.3,38195.3,38217.2,30411.6,251.04K,-6.93%
2021-01-10,38192.2,40149.7,41362.4,35141.6,215.78K,-4.88%
2021-01-09,40151.9,40607.2,41363.5,38775.1,128.42K,-1.10%
2021-01-08,40599.3,39466.4,41921.7,36613.4,251.29K,2.89%
2021-01-07,39460.2,36798.5,40340.9,36361.2,249.60K,7.25%
2021-01-06,36793.2,33999.3,36934.8,33408.3,227.56K,8.24%
2021-01-05,33991.5,32015.4,34414.7,30010.5,202.13K,6.15%
2021-01-04,32022.6,33016.6,33587.5,28204.5,255.27K,-2.84%
2021-01-03,32958.9,32192.9,34755.9,32029.6,155.21K,2.38%
2021-01-02,32193.3,29359.7,33233.5,29008.0,240.87K,9.65%
2021-01-01,29359.9,28951.7,29627.1,28712.4,100.90K,1.42%
2020-12-31,28949.4,28866.8,29298.8,28025.0,136.69K,0.28%
2020-12-30,28868.7,27374.5,28979.3,27374.5,159.82K,5.45%
2020-12-29,27376.0,27065.3,27390.7,25902.8,119.57K,1.18%
2020-12-28,27057.8,26259.2,27444.9,26144.3,126.98K,3.03%
2020-12-27,26261.3,26460.3,28360.3,25858.2,231.23K,-0.73%
2020-12-26,26454.4,24714.7,26826.0,24515.1,155.77K,7.15%
2020-12-25,24689.6,23728.7,24778.9,23445.3,2.40K,4.02%
2020-12-24,23736.5,23253.2,23783.7,22737.3,104.59K,2.06%
2020-12-23,23257.9,23820.8,24063.7,22694.7,178.47K,-2.37%
2020-12-22,23823.2,22730.4,23825.4,22388.6,130.75K,4.82%
2020-12-21,22728.5,23474.1,24101.9,22015.5,154.69K,-3.18%
2020-12-20,23474.9,23843.6,24280.9,23098.9,114.09K,-1.55%
2020-12-19,23844.0,23127.6,24107.1,22797.0,133.88K,3.10%
2020-12-18,23127.9,22823.3,23272.8,22361.5,131.80K,1.33%
2020-12-17,22825.4,21352.3,23738.0,21243.1,310.74K,6.90%
2020-12-16,21352.2,19434.7,21525.3,19299.7,199.81K,9.87%
2020-12-15,19434.9,19273.9,19556.3,19076.2,98.39K,0.84%
2020-12-14,19273.8,19176.4,19346.5,19007.0,67.11K,0.51%
2020-12-13,19176.8,18808.1,19403.6,18716.8,82.45K,1.96%
2020-12-12,18808.9,18026.7,18936.2,18025.1,71.37K,4.36%
2020-12-11,18023.6,18250.5,18288.3,17600.1,111.53K,-1.23%
2020-12-10,18247.2,18546.1,18551.8,17926.8,85.31K,-1.61%
2020-12-09,18546.0,18322.4,18637.9,17658.8,129.72K,1.20%
2020-12-08,18326.6,19170.8,19288.6,18229.2,101.41K,-4.40%
2020-12-07,19170.7,19368.4,19424.6,18908.8,61.98K,-1.08%
2020-12-06,19379.9,19146.0,19417.1,18873.0,54.56K,1.22%
2020-12-05,19146.5,18657.5,19172.7,18507.1,59.44K,2.62%
2020-12-04,18658.1,19431.1,19529.5,18610.8,110.63K,-3.99%
2020-12-03,19433.3,19219.8,19596.6,18883.7,99.97K,1.12%
2020-12-02,19218.8,18767.9,19335.5,18346.7,91.92K,2.39%
2020-12-01,18770.7,19697.8,19897.4,18257.0,208.72K,-4.71%
2020-11-30,19698.1,18186.0,19831.2,18186.0,185.59K,8.32%
2020-11-29,18185.5,17729.7,18336.3,17530.4,79.12K,2.57%
2020-11-28,17730.7,17142.6,17874.4,16874.4,95.20K,3.52%
2020-11-27,17127.1,17160.9,17450.3,16481.6,138.80K,-0.20%
2020-11-26,17162.0,18721.9,18894.9,16235.2,312.07K,-8.34%
2020-11-25,18723.0,19151.5,19486.7,18527.7,146.12K,-2.24%
2020-11-24,19152.6,18394.6,19416.6,18074.8,180.79K,4.21%
2020-11-23,18379.6,18428.1,18756.8,18016.0,127.35K,-0.18%
2020-11-22,18412.9,18689.3,18751.5,17644.6,121.76K,-1.47%
2020-11-21,18687.2,18673.8,18966.0,18397.5,108.91K,0.06%
2020-11-20,18675.2,17805.5,18811.0,17758.4,134.42K,4.90%
2020-11-19,17803.5,17775.1,18166.0,17380.1,135.94K,0.16%
2020-11-18,17774.6,17662.3,18466.1,17258.9,233.43K,0.64%
2020-11-17,17662.3,16715.8,17845.4,16562.0,175.87K,5.66%
2020-11-16,16715.8,15954.1,16880.7,15870.7,118.09K,4.78%
2020-11-15,15953.0,16074.7,16158.1,15782.3,58.43K,-0.73%
2020-11-14,16071.0,16323.1,16328.2,15717.7,83.64K,-1.55%
2020-11-13,16324.2,16293.0,16474.1,15973.4,113.75K,0.18%
2020-11-12,16294.7,15695.8,16342.7,15483.5,165.54K,3.82%
2020-11-11,15695.8,15303.1,15953.9,15281.0,119.07K,2.56%
2020-11-10,15303.6,15328.0,15465.3,15096.5,93.36K,-0.15%
2020-11-09,15327.2,15483.3,15819.6,14816.9,165.04K,-1.01%
2020-11-08,15483.7,14826.6,15648.3,14720.7,94.99K,4.42%
2020-11-07,14828.4,15578.2,15754.4,14385.1,160.73K,-4.81%
2020-11-06,15577.9,15593.9,15955.2,15223.5,186.13K,-0.06%
2020-11-05,15587.1,14145.6,15739.9,14099.7,227.49K,10.19%
2020-11-04,14145.6,14023.0,14238.8,13544.4,140.80K,0.90%
2020-11-03,14019.9,13560.5,14054.0,13294.6,108.17K,3.38%
2020-11-02,13561.4,13759.7,13828.4,13214.2,97.76K,-1.44%
2020-11-01,13759.4,13795.5,13889.5,13628.7,51.71K,-0.27%
2020-10-31,13797.3,13560.2,14065.4,13441.7,102.75K,1.75%
2020-10-30,13559.9,13457.0,13667.9,13134.5,108.77K,0.76%
2020-10-29,13457.2,13278.3,13640.0,12982.9,111.23K,1.34%
2020-10-28,13278.9,13658.3,13851.7,12907.6,144.18K,-2.77%
2020-10-27,13657.8,13061.5,13782.3,13050.3,128.64K,4.56%
2020-10-26,13061.6,13033.0,13229.7,12792.4,89.47K,0.23%
2020-10-25,13032.2,13117.0,13345.3,12900.4,59.73K,-0.65%
2020-10-24,13117.2,12933.6,13161.5,12876.4,51.20K,1.42%
2020-10-23,12934.1,12972.7,13025.5,12738.9,73.94K,-0.31%
2020-10-22,12974.6,12805.5,13183.9,12698.2,113.31K,1.30%
2020-10-21,12808.7,11913.6,13213.5,11894.6,197.72K,7.51%
2020-10-20,11913.5,11753.9,12029.4,11685.7,94.59K,1.36%
2020-10-19,11753.4,11507.1,11823.3,11413.9,73.04K,2.14%
2020-10-18,11506.9,11362.1,11506.9,11349.8,31.51K,1.27%
2020-10-17,11362.1,11321.8,11402.7,11274.4,29.86K,0.35%
2020-10-16,11322.0,11503.2,11542.2,11224.6,71.42K,-1.57%
2020-10-15,11503.0,11421.4,11590.9,11276.7,70.84K,0.72%
2020-10-14,11420.4,11424.4,11541.0,11293.5,59.12K,-0.03%
2020-10-13,11423.8,11533.5,11558.0,11315.9,64.67K,-0.95%
2020-10-12,11533.9,11370.8,11715.9,11227.4,84.02K,1.43%
2020-10-11,11371.0,11295.6,11439.4,11277.6,41.06K,0.64%
2020-10-10,11298.4,11053.5,11475.0,11053.1,65.81K,2.21%
2020-10-09,11054.2,10923.5,11103.0,10836.9,70.95K,1.19%
2020-10-08,10924.1,10670.7,10948.6,10549.6,79.78K,2.37%
2020-10-07,10670.9,10601.0,10680.1,10553.3,49.27K,0.64%
2020-10-06,10602.6,10790.2,10800.3,10530.8,69.07K,-1.73%
2020-10-05,10789.5,10672.5,10789.6,10623.4,48.86K,1.09%
2020-10-04,10672.9,10544.4,10693.3,10520.8,31.40K,1.22%
2020-10-03,10544.2,10572.2,10597.8,10501.2,29.10K,-0.27%
2020-10-02,10572.3,10619.6,10662.9,10387.6,77.94K,-0.45%
2020-10-01,10620.5,10776.6,10913.7,10462.7,95.33K,-1.44%
2020-09-30,10776.1,10843.4,10847.7,10667.6,55.55K,-0.60%
2020-09-29,10840.9,10694.3,10858.4,10642.4,59.64K,1.38%
2020-09-28,10693.2,10776.4,10946.6,10685.2,72.29K,-0.77%
2020-09-27,10776.2,10727.9,10799.2,10602.7,40.92K,0.45%
2020-09-26,10727.9,10688.9,10793.3,10650.2,37.85K,0.37%
2020-09-25,10688.8,10739.9,10756.0,10558.9,71.43K,-0.47%
2020-09-24,10739.4,10238.1,10787.8,10201.0,82.95K,4.90%
2020-09-23,10237.3,10531.5,10535.4,10146.6,74.95K,-2.79%
2020-09-22,10531.5,10419.4,10570.7,10361.7,63.52K,1.10%
2020-09-21,10416.8,10919.9,10987.2,10328.5,109.85K,-4.62%
2020-09-20,10921.5,11081.6,11081.6,10772.7,53.39K,-1.45%
2020-09-19,11081.8,10933.0,11177.1,10890.7,51.63K,1.36%
2020-09-18,10933.0,10941.3,11029.7,10818.7,63.48K,-0.08%
2020-09-17,10941.3,10950.1,11039.3,10755.2,77.22K,-0.07%
2020-09-16,10949.5,10785.2,11093.3,10669.2,94.94K,1.52%
2020-09-15,10785.3,10675.2,10931.8,10627.8,91.70K,1.03%
2020-09-14,10675.3,10332.7,10744.3,10264.5,96.64K,3.38%
2020-09-13,10326.0,10441.7,10579.6,10219.4,66.12K,-1.11%
2020-09-12,10441.9,10390.2,10476.8,10275.9,48.49K,0.50%
2020-09-11,10390.2,10339.8,10398.8,10212.6,62.28K,0.49%
2020-09-10,10339.7,10224.3,10480.3,10219.2,88.01K,1.13%
2020-09-09,10224.6,10126.8,10343.3,9984.6,71.37K,0.97%
2020-09-08,10126.6,10376.9,10434.4,9877.1,113.90K,-2.41%
2020-09-07,10376.9,10296.4,10400.9,9887.0,12.40M,0.78%
2020-09-06,10296.4,10092.2,10337.7,10004.7,12.12M,2.02%
2020-09-05,10092.2,10472.3,10558.7,9897.8,14.72M,-3.63%
2020-09-04,10472.5,10168.7,10614.2,9960.3,12.50M,2.99%
2020-09-03,10168.8,11413.2,11442.7,10009.5,9.65M,-10.90%
2020-09-02,11413.3,11914.4,11947.5,11244.9,20.26M,-4.21%
2020-09-01,11914.9,11644.2,12045.9,11544.6,580.69K,2.32%
2020-08-31,11644.2,11701.1,11760.2,11563.8,496.14K,-0.49%
2020-08-30,11702.0,11468.1,11704.2,11462.6,409.36K,2.04%
2020-08-29,11468.1,11527.8,11576.8,11433.5,389.85K,-0.51%
2020-08-28,11527.4,11327.5,11539.0,11281.9,464.94K,1.77%
2020-08-27,11327.4,11462.3,11580.3,11135.3,560.59K,-1.18%
2020-08-26,11462.3,11324.9,11533.6,11254.6,513.06K,1.21%
2020-08-25,11324.8,11752.9,11766.9,11131.0,594.07K,-3.65%
2020-08-24,11753.5,11641.6,11824.6,11587.1,429.13K,0.96%
2020-08-23,11641.6,11661.1,11705.4,11520.8,377.33K,-0.17%
2020-08-22,11661.3,11529.2,11677.0,11382.1,433.98K,1.15%
2020-08-21,11529.2,11856.9,11877.4,11495.6,506.38K,-2.76%
2020-08-20,11856.9,11751.0,11881.0,11672.7,430.93K,0.91%
2020-08-19,11750.2,11944.4,12013.2,11602.6,550.26K,-1.65%
2020-08-18,11947.6,12283.0,12381.4,11842.0,606.79K,-2.73%
2020-08-17,12282.6,11898.8,12444.1,11764.0,628.41K,3.22%
2020-08-16,11899.0,11845.5,11922.5,11688.9,410.81K,0.45%
2020-08-15,11845.3,11751.1,11964.0,11711.5,499.10K,0.80%
2020-08-14,11750.8,11771.1,11835.5,11651.5,435.44K,-0.17%
2020-08-13,11770.9,11557.2,11772.9,11298.4,545.67K,1.85%
2020-08-12,11557.2,11390.4,11605.4,11190.6,549.59K,1.46%
2020-08-11,11390.4,11889.2,11931.8,11146.7,615.90K,-4.19%
2020-08-10,11889.2,11681.1,12041.1,11546.9,564.11K,1.78%
2020-08-09,11681.2,11764.4,11792.8,11527.5,303.00K,-0.71%
2020-08-08,11764.3,11591.6,11805.5,11533.5,317.06K,1.49%
2020-08-07,11592.0,11757.1,11901.8,11352.4,517.00K,-1.40%
2020-08-06,11757.1,11735.0,11898.4,11563.0,554.85K,0.19%
2020-08-05,11735.1,11184.8,11771.5,11114.5,570.83K,4.92%
2020-08-04,11184.7,11223.8,11407.8,11043.0,485.79K,-0.35%
2020-08-03,11224.4,11066.9,11461.1,10981.6,470.24K,1.42%
2020-08-02,11066.8,11802.6,12061.1,10730.7,647.95K,-6.24%
2020-08-01,11803.1,11333.2,11847.7,11226.1,611.47K,4.14%
2020-07-31,11333.4,11096.5,11434.8,10964.6,530.95K,2.14%
2020-07-30,11096.2,11105.8,11164.4,10861.6,501.14K,-0.09%
2020-07-29,11105.9,10908.4,11336.5,10771.8,576.83K,1.81%
2020-07-28,10908.5,10961.1,11046.1,10873.6,658.37K,-1.04%
2020-07-27,11022.8,9932.7,11367.0,9894.6,908.99K,10.98%
2020-07-26,9932.5,9690.0,10086.6,9645.9,415.07K,2.35%
2020-07-25,9704.1,9546.7,9729.3,9536.2,306.29K,1.65%
2020-07-24,9546.4,9599.2,9626.2,9480.5,359.16K,-0.55%
2020-07-23,9599.6,9513.6,9646.5,9451.1,425.66K,0.90%
2020-07-22,9513.7,9387.4,9523.1,9296.0,386.00K,1.35%
2020-07-21,9387.3,9162.3,9426.9,9155.1,458.99K,2.46%
2020-07-20,9162.4,9208.1,9218.4,9139.9,312.98K,-0.50%
2020-07-19,9208.0,9170.1,9224.8,9106.4,265.25K,0.41%
2020-07-18,9170.2,9155.8,9198.8,9126.7,276.40K,0.16%
2020-07-17,9155.8,9135.4,9181.9,9091.5,310.92K,0.22%
2020-07-16,9135.3,9198.7,9224.2,9052.0,429.04K,-0.69%
2020-07-15,9198.7,9253.6,9270.2,9168.7,429.84K,-0.59%
2020-07-14,9253.4,9243.1,9274.8,9135.7,453.83K,0.11%
2020-07-13,9243.6,9300.5,9329.6,9207.6,456.87K,-0.62%
2020-07-12,9300.8,9234.2,9337.8,9170.4,366.88K,0.73%
2020-07-11,9233.3,9285.8,9295.5,9184.2,353.92K,-0.56%
2020-07-10,9285.1,9239.0,9309.8,9131.9,418.47K,0.53%
2020-07-09,9235.7,9430.1,9434.5,9176.0,444.27K,-2.06%
2020-07-08,9429.9,9256.3,9458.3,9233.1,509.94K,1.88%
2020-07-07,9256.0,9338.8,9371.2,9209.3,420.55K,-0.89%
2020-07-06,9339.0,9080.4,9363.0,9063.2,510.27K,2.84%
2020-07-05,9081.0,9134.3,9149.6,8932.1,314.10K,-0.58%
2020-07-04,9134.4,9067.1,9182.3,9049.6,261.25K,0.74%
2020-07-03,9067.1,9085.0,9120.4,9050.9,333.88K,-0.20%
2020-07-02,9085.1,9229.9,9259.7,8962.1,483.10K,-1.57%
2020-07-01,9229.9,9135.9,9289.0,9101.1,366.78K,1.03%
2020-06-30,9135.4,9186.0,9199.8,9075.3,381.73K,-0.54%
2020-06-29,9185.4,9122.8,9229.1,9033.6,401.12K,0.67%
2020-06-28,9124.0,9008.4,9185.5,8950.2,329.01K,1.28%
2020-06-27,9008.3,9160.5,9190.5,8865.3,441.93K,-1.66%
2020-06-26,9160.0,9247.5,9296.5,9060.1,489.84K,-0.95%
2020-06-25,9247.5,9300.8,9327.3,9022.6,524.45K,-0.59%
2020-06-24,9302.0,9624.6,9667.4,9223.0,515.78K,-3.35%
2020-06-23,9624.6,9683.9,9715.6,9581.8,375.49K,-0.61%
2020-06-22,9683.7,9296.5,9751.9,9285.8,523.32K,4.17%
2020-06-21,9296.4,9358.8,9411.2,9288.5,335.99K,-0.67%
2020-06-20,9358.8,9314.0,9394.5,9199.8,383.44K,0.48%
2020-06-19,9314.0,9390.3,9424.0,9249.6,478.49K,-0.79%
2020-06-18,9388.1,9464.6,9480.4,9289.3,391.67K,-0.81%
2020-06-17,9464.6,9523.6,9543.6,9258.2,446.45K,-0.62%
2020-06-16,9523.5,9425.6,9577.1,9379.3,545.47K,1.04%
2020-06-15,9425.4,9345.5,9489.7,8925.6,750.90K,0.86%
2020-06-14,9345.3,9470.7,9474.7,9264.4,311.27K,-1.33%
2020-06-13,9471.3,9466.5,9484.9,9369.9,364.97K,0.05%
2020-06-12,9466.6,9283.7,9547.5,9249.4,529.28K,1.97%
2020-06-11,9283.2,9878.9,9945.2,9139.1,919.30K,-6.03%
2020-06-10,9878.8,9768.8,9970.9,9710.7,533.55K,1.13%
2020-06-09,9768.8,9777.7,9857.2,9616.6,479.55K,-0.09%
2020-06-08,9777.9,9743.4,9788.2,9662.3,431.04K,0.36%
2020-06-07,9742.6,9669.6,9791.8,9417.4,549.20K,0.76%
2020-06-06,9669.6,9630.8,9733.1,9549.5,370.85K,0.40%
2020-06-05,9631.2,9794.0,9846.1,9628.7,527.05K,-1.67%
2020-06-04,9794.4,9667.2,9864.4,9490.9,593.66K,1.32%
2020-06-03,9667.2,9527.0,9667.2,9421.7,558.12K,1.47%
2020-06-02,9527.6,10190.7,10207.3,9347.3,1.06M,-6.49%
2020-06-01,10189.3,9454.5,10301.8,9429.7,796.68K,7.77%
2020-05-31,9454.8,9692.9,9695.6,9406.2,645.27K,-2.45%
2020-05-30,9692.5,9424.8,9729.9,9352.7,720.62K,2.84%
2020-05-29,9424.8,9573.4,9596.5,9358.1,814.33K,-1.54%
2020-05-28,9572.2,9199.8,9610.8,9119.2,948.86K,4.06%
2020-05-27,9199.1,8842.3,9210.9,8818.6,810.89K,4.03%
2020-05-26,8842.5,8897.7,8994.6,8713.9,784.92K,-0.63%
2020-05-25,8898.2,8728.0,8959.5,8666.1,941.89K,1.95%
2020-05-24,8728.2,9177.9,9292.0,8724.1,1.11M,-4.89%
2020-05-23,9177.0,9169.8,9303.2,9098.9,812.56K,0.08%
2020-05-22,9169.7,9058.2,9253.5,8952.1,914.59K,1.22%
2020-05-21,9059.0,9511.6,9567.1,8833.6,1.41M,-4.76%
2020-05-20,9512.3,9773.0,9829.3,9368.4,1.15M,-2.67%
2020-05-19,9773.3,9730.8,9883.9,9498.7,1.16M,0.44%
2020-05-18,9730.7,9678.4,9930.2,9524.4,1.18M,0.55%
2020-05-17,9677.7,9376.6,9866.0,9327.8,1.18M,3.18%
2020-05-16,9379.5,9318.1,9579.0,9233.0,1.10M,0.66%
2020-05-15,9318.0,9778.6,9819.6,9223.2,1.56M,-4.71%
2020-05-14,9778.4,9298.7,9887.5,9265.8,1.77M,5.16%
2020-05-13,9298.7,8813.9,9384.6,8799.1,1.50M,5.50%
2020-05-12,8813.8,8569.8,8964.5,8542.8,1.35M,2.73%
2020-05-11,8579.8,8737.6,9129.6,8235.6,2.29M,-1.82%
2020-05-10,8738.8,9553.9,9569.4,8259.3,2.47M,-8.54%
2020-05-09,9554.6,9806.0,9910.5,9533.6,1.49M,-2.57%
2020-05-08,9806.2,9980.1,10018.2,9731.4,1.42M,-1.74%
2020-05-07,9979.8,9152.7,10033.0,9064.8,1.91M,9.05%
2020-05-06,9151.4,9000.6,9373.7,8923.6,1.62M,1.67%
2020-05-05,9001.0,8874.2,9078.7,8800.4,1.05M,1.42%
2020-05-04,8874.7,8885.5,8945.5,8553.2,1.12M,-0.12%
2020-05-03,8885.5,8966.2,9169.9,8742.2,1.15M,-0.90%
2020-05-02,8966.3,8821.6,8986.2,8771.3,890.34K,1.64%
2020-05-01,8821.6,8628.6,9040.3,8621.0,1.11M,2.23%
2020-04-30,8629.0,8770.6,9437.5,8425.5,2.04M,-1.62%
2020-04-29,8770.9,7746.7,8918.5,7729.7,1.83M,13.22%
2020-04-28,7746.9,7766.0,7770.1,7655.3,808.09K,-0.25%
2020-04-27,7766.0,7679.4,7768.5,7637.7,980.50K,1.13%
2020-04-26,7678.9,7540.4,7679.4,7520.5,921.59K,1.84%
2020-04-25,7540.4,7503.9,7684.6,7451.0,861.93K,0.49%
2020-04-24,7503.8,7491.3,7583.5,7423.5,951.95K,0.20%
2020-04-23,7488.5,7112.8,7655.4,7036.5,1.34M,5.28%
2020-04-22,7112.9,6842.5,7137.4,6821.8,914.18K,3.95%
2020-04-21,6842.5,6833.4,6919.3,6774.3,892.57K,0.13%
2020-04-20,6833.5,7122.9,7207.5,6771.2,1.26M,-4.06%
2020-04-19,7122.9,7230.9,7238.0,7079.1,5.93M,-1.49%
2020-04-18,7230.8,7035.9,7259.4,7031.5,796.45K,2.77%
2020-04-17,7035.8,7085.5,7142.8,7005.8,810.10K,-0.70%
2020-04-16,7085.6,6629.1,7159.7,6520.5,1.54M,6.89%
2020-04-15,6629.1,6851.3,6929.5,6615.9,1.00M,-3.24%
2020-04-14,6850.9,6841.8,6970.8,6768.6,999.53K,0.14%
2020-04-13,6841.3,6918.1,6920.3,6618.5,1.25M,-1.10%
2020-04-12,6917.6,6867.9,7158.8,6785.1,1.10M,0.73%
2020-04-11,6867.8,6862.7,6931.4,6765.1,845.58K,0.07%
2020-04-10,6863.1,7289.0,7294.4,6756.1,1.37M,-5.84%
2020-04-09,7289.0,7361.1,7361.1,7140.3,963.55K,-0.98%
2020-04-08,7361.2,7185.6,7396.1,7153.1,983.94K,2.45%
2020-04-07,7185.2,7332.3,7440.3,7101.7,1.32M,-2.01%
2020-04-06,7332.3,6772.8,7335.0,6770.1,1.53M,8.26%
2020-04-05,6772.7,6857.5,6889.4,6686.0,842.33K,-1.23%
2020-04-04,6857.4,6735.9,6958.6,6679.1,1.05M,1.80%
2020-04-03,6735.9,6799.9,7026.3,6623.6,1.35M,-0.95%
2020-04-02,6800.5,6638.8,7182.7,6567.9,1.74M,2.44%
2020-04-01,6638.5,6412.4,6661.3,6157.4,1.40M,3.52%
2020-03-31,6412.5,6391.1,6513.1,6346.3,1.05M,0.34%
2020-03-30,6391.0,5890.4,6576.5,5872.5,1.43M,8.50%
2020-03-29,5890.4,6233.2,6258.8,5889.3,916.17K,-5.51%
2020-03-28,6233.7,6373.4,6374.3,6046.5,1.26M,-2.19%
2020-03-27,6373.4,6725.5,6813.7,6322.3,1.16M,-5.23%
2020-03-26,6725.1,6677.9,6772.9,6541.7,1.18M,0.69%
2020-03-25,6678.9,6744.8,6930.2,6474.6,1.52M,-0.97%
2020-03-24,6744.6,6468.8,6814.2,6380.8,1.73M,4.26%
2020-03-23,6468.9,5822.0,6564.7,5710.8,1.88M,11.11%
2020-03-22,5822.1,6186.9,6394.4,5771.2,1.48M,-5.89%
2020-03-21,6186.2,6205.6,6438.3,5887.0,1.64M,-0.31%
2020-03-20,6205.3,6171.6,6858.1,5748.2,2.22M,0.54%
2020-03-19,6172.0,5359.2,6379.5,5256.0,2.18M,15.12%
2020-03-18,5361.4,5260.7,5373.1,5020.9,1.80M,1.91%
2020-03-17,5261.1,5030.2,5432.8,4946.5,1.89M,4.59%
2020-03-16,5030.0,5366.4,5369.3,4477.7,2.55M,-6.27%
2020-03-15,5366.3,5182.9,5863.3,5120.6,1.61M,3.54%
2020-03-14,5182.7,5589.4,5634.9,5072.2,1.69M,-7.19%
2020-03-13,5584.3,4815.2,5934.3,3869.5,4.17M,15.71%
2020-03-12,4826.0,7935.2,7963.1,4546.6,3.22M,-39.18%
2020-03-11,7935.1,7892.1,7976.5,7606.0,1.10M,0.56%
2020-03-10,7891.2,7933.0,8145.5,7740.2,1.20M,-0.53%
2020-03-09,7933.0,8035.8,8158.8,7648.7,1.54M,-1.26%
2020-03-08,8034.1,8887.8,8888.0,8015.3,1.11M,-9.61%
2020-03-07,8887.8,9134.2,9180.8,8848.7,750.65K,-2.70%
2020-03-06,9134.8,9060.6,9165.2,9004.9,1.04M,0.82%
2020-03-05,9060.3,8757.9,9147.3,8751.5,950.76K,3.45%
2020-03-04,8757.9,8761.3,8840.3,8679.7,759.69K,-0.04%
2020-03-03,8761.4,8906.1,8911.7,8669.3,1.01M,-1.61%
2020-03-02,8904.8,8537.5,8961.8,8503.1,1.02M,4.27%
2020-03-01,8540.0,8543.8,8737.2,8437.2,784.05K,-0.04%
2020-02-29,8543.7,8697.1,8793.7,8539.8,683.44K,-1.77%
2020-02-28,8697.5,8820.1,8898.7,8451.9,1.08M,-1.37%
2020-02-27,8818.6,8800.1,8968.3,8538.5,1.13M,0.21%
2020-02-26,8800.3,9317.1,9368.1,8672.0,1.32M,-5.55%
2020-02-25,9317.2,9662.6,9672.3,9269.8,937.97K,-3.57%
2020-02-24,9662.7,9943.2,9981.0,9507.0,980.00K,-2.82%
2020-02-23,9942.7,9655.6,9965.6,9653.4,775.88K,2.97%
2020-02-22,9655.7,9684.5,9706.5,9569.8,589.88K,-0.30%
2020-02-21,9684.5,9602.2,9747.1,9574.5,716.61K,0.85%
2020-02-20,9602.4,9611.9,9681.4,9448.9,870.80K,-0.07%
2020-02-19,9609.4,10158.6,10230.9,9424.3,905.95K,-5.40%
2020-02-18,10158.4,9701.5,10230.1,9601.6,945.91K,4.71%
2020-02-17,9701.4,9931.7,9951.5,9468.9,961.88K,-2.32%
2020-02-16,9932.3,9907.4,10056.4,9654.9,808.91K,0.25%
2020-02-15,9907.7,10336.0,10369.8,9831.7,808.81K,-4.12%
2020-02-14,10333.0,10235.5,10372.4,10125.2,732.51K,0.96%
2020-02-13,10235.1,10321.9,10482.6,10116.9,940.30K,-0.80%
2020-02-12,10317.7,10229.3,10435.6,10229.3,803.25K,0.86%
2020-02-11,10229.5,9854.0,10314.1,9725.1,791.28K,3.81%
2020-02-10,9854.1,10151.5,10181.7,9774.8,781.22K,-2.93%
2020-02-09,10151.5,9895.4,10157.1,9882.7,617.35K,2.59%
2020-02-08,9895.5,9817.3,9931.2,9673.2,551.31K,0.78%
2020-02-07,9818.6,9771.9,9872.5,9738.7,608.96K,0.48%
2020-02-06,9772.0,9611.8,9854.9,9536.1,778.67K,1.67%
2020-02-05,9611.8,9194.1,9726.8,9179.9,771.46K,4.54%
2020-02-04,9193.9,9296.5,9347.5,9193.9,651.68K,-1.10%
2020-02-03,9296.6,9334.6,9582.8,9243.1,701.39K,-0.41%
2020-02-02,9334.9,9381.5,9465.4,9183.1,683.37K,-0.50%
2020-02-01,9381.6,9349.3,9458.8,9301.5,458.42K,0.35%
2020-01-31,9349.1,9508.3,9525.0,9222.3,633.37K,-1.66%
2020-01-30,9507.3,9299.1,9569.0,9209.2,765.21K,2.24%
2020-01-29,9298.9,9377.3,9428.7,9250.9,749.88K,-0.84%
2020-01-28,9377.3,8866.6,9389.5,8866.6,954.20K,5.76%
2020-01-27,8866.6,8608.1,8983.1,8585.6,706.45K,3.01%
2020-01-26,8607.8,8341.6,8607.8,8304.9,468.34K,3.19%
2020-01-25,8341.6,8439.9,8447.6,8277.2,444.00K,-1.17%
2020-01-24,8439.9,8404.9,8522.0,8242.6,617.02K,0.41%
2020-01-23,8405.1,8678.5,8687.3,8309.6,722.67K,-3.15%
2020-01-22,8678.5,8733.0,8805.4,8610.8,509.06K,-0.62%
2020-01-21,8732.6,8642.0,8770.3,8524.0,540.20K,1.05%
2020-01-20,8641.9,8705.7,8740.1,8539.2,599.06K,-0.74%
2020-01-19,8706.2,8916.3,9183.7,8552.8,975.01K,-2.36%
2020-01-18,8916.3,8913.0,8982.3,8814.6,627.74K,0.04%
2020-01-17,8913.1,8726.7,9005.1,8675.9,794.11K,2.13%
2020-01-16,8726.9,8818.1,8850.0,8605.8,748.32K,-1.04%
2020-01-15,8818.3,8827.9,8904.0,8615.5,1.17M,-0.12%
2020-01-14,8829.2,8111.2,8898.7,8111.2,1.48M,8.85%
2020-01-13,8111.4,8188.3,8196.7,8068.4,610.66K,-0.93%
2020-01-12,8187.6,8023.3,8189.9,7973.1,595.22K,2.04%
2020-01-11,8024.1,8187.8,8262.9,8008.4,776.75K,-1.99%
2020-01-10,8187.1,7842.5,8187.4,7697.7,1.05M,4.40%
2020-01-09,7842.4,8060.0,8065.9,7779.2,786.50K,-2.70%
2020-01-08,8059.6,8154.2,8436.4,7900.8,1.19M,-1.18%
2020-01-07,8155.7,7759.1,8182.0,7754.1,1.01M,5.11%
2020-01-06,7759.1,7372.6,7783.1,7366.7,786.75K,5.24%
2020-01-05,7372.5,7376.8,7501.0,7345.6,628.14K,-0.06%
2020-01-04,7376.8,7345.1,7433.1,7291.4,523.91K,0.46%
2020-01-03,7343.1,6967.1,7402.9,6884.1,936.29K,5.40%
2020-01-02,6967.0,7199.7,7209.6,6901.4,632.78K,-3.23%
2020-01-01,7199.8,7196.4,7259.4,7180.0,420.28K,0.05%