date,ADA_unscaled,ADA_monthly,isPartial,scale,ADA
2020-01-01,56,,,,
2020-01-02,80,,,,
2020-01-03,81,,,,
2020-01-04,58,,,,
2020-01-05,60,50.0,False,0.5,30.0
2020-01-06,95,50.0,,0.5,47.5
2020-01-07,100,50.0,,0.5,50.0
2020-01-08,91,50.0,,0.5,45.5
2020-01-09,85,50.0,,0.5,42.5
2020-01-10,91,50.0,,0.5,45.5
2020-01-11,67,50.0,,0.5,33.5
2020-01-12,66,49.0,False,0.49,32.339999999999996
2020-01-13,88,49.0,,0.49,43.12
2020-01-14,89,49.0,,0.49,43.61
2020-01-15,89,49.0,,0.49,43.61
2020-01-16,84,49.0,,0.49,41.16
2020-01-17,85,49.0,,0.49,41.65
2020-01-18,65,49.0,,0.49,31.849999999999998
2020-01-19,64,50.0,False,0.5,32.0
2020-01-20,83,50.0,,0.5,41.5
2020-01-21,91,50.0,,0.5,45.5
2020-01-22,93,50.0,,0.5,46.5
2020-01-23,92,50.0,,0.5,46.0
2020-01-24,90,50.0,,0.5,45.0
2020-01-25,62,50.0,,0.5,31.0
2020-01-26,56,50.0,False,0.5,28.0
2020-01-27,83,50.0,,0.5,41.5
2020-01-28,99,50.0,,0.5,49.5
2020-01-29,87,50.0,,0.5,43.5
2020-01-30,89,50.0,,0.5,44.5
2020-01-31,90,50.0,,0.5,45.0
2020-02-01,69,50.0,,0.5,34.5
2020-02-02,64,51.0,False,0.51,32.64
2020-02-03,83,51.0,,0.51,42.33
2020-02-04,94,51.0,,0.51,47.94
2020-02-05,99,51.0,,0.51,50.49
2020-02-06,97,51.0,,0.51,49.47
2020-02-07,87,51.0,,0.51,44.37
2020-02-08,64,51.0,,0.51,32.64
2020-02-09,68,52.0,False,0.52,35.36
2020-02-10,86,52.0,,0.52,44.72
2020-02-11,98,52.0,,0.52,50.96
2020-02-12,100,52.0,,0.52,52.0
2020-02-13,100,52.0,,0.52,52.0
2020-02-14,87,52.0,,0.52,45.24
2020-02-15,70,52.0,,0.52,36.4
2020-02-16,67,51.0,False,0.51,34.17
2020-02-17,84,51.0,,0.51,42.84
2020-02-18,99,51.0,,0.51,50.49
2020-02-19,94,51.0,,0.51,47.94
2020-02-20,96,51.0,,0.51,48.96
2020-02-21,91,51.0,,0.51,46.410000000000004
2020-02-22,73,51.0,,0.51,37.230000000000004
2020-02-23,61,50.0,False,0.5,30.5
2020-02-24,92,50.0,,0.5,46.0
2020-02-25,94,50.0,,0.5,47.0
2020-02-26,95,50.0,,0.5,47.5
2020-02-27,89,50.0,,0.5,44.5
2020-02-28,94,50.0,,0.5,47.0
2020-02-29,70,50.0,,0.5,35.0
2020-03-01,46,50.0,False,0.5,23.0
2020-03-02,65,50.0,,0.5,32.5
2020-03-03,70,50.0,,0.5,35.0
2020-03-04,71,50.0,,0.5,35.5
2020-03-05,68,50.0,,0.5,34.0
2020-03-06,62,50.0,,0.5,31.0
2020-03-07,48,50.0,,0.5,24.0
2020-03-08,51,51.0,False,0.51,26.01
2020-03-09,69,51.0,,0.51,35.19
2020-03-10,70,51.0,,0.51,35.7
2020-03-11,62,51.0,,0.51,31.62
2020-03-12,63,51.0,,0.51,32.13
2020-03-13,66,51.0,,0.51,33.660000000000004
2020-03-14,63,51.0,,0.51,32.13
2020-03-15,60,61.0,False,0.61,36.6
2020-03-16,93,61.0,,0.61,56.73
2020-03-17,100,61.0,,0.61,61.0
2020-03-18,73,61.0,,0.61,44.53
2020-03-19,67,61.0,,0.61,40.87
2020-03-20,61,61.0,,0.61,37.21
2020-03-21,47,61.0,,0.61,28.669999999999998
2020-03-22,47,44.0,False,0.44,20.68
2020-03-23,59,44.0,,0.44,25.96
2020-03-24,58,44.0,,0.44,25.52
2020-03-25,58,44.0,,0.44,25.52
2020-03-26,61,44.0,,0.44,26.84
2020-03-27,56,44.0,,0.44,24.64
2020-03-28,44,44.0,,0.44,19.36
2020-03-29,48,42.0,False,0.42,20.16
2020-03-30,55,42.0,,0.42,23.099999999999998
2020-03-31,57,42.0,,0.42,23.939999999999998
2020-04-01,81,42.0,,0.42,34.019999999999996
2020-04-02,81,42.0,,0.42,34.019999999999996
2020-04-03,79,42.0,,0.42,33.18
2020-04-04,63,42.0,,0.42,26.459999999999997
2020-04-05,62,42.0,False,0.42,26.04
2020-04-06,82,42.0,,0.42,34.44
2020-04-07,82,42.0,,0.42,34.44
2020-04-08,89,42.0,,0.42,37.379999999999995
2020-04-09,84,42.0,,0.42,35.28
2020-04-10,85,42.0,,0.42,35.699999999999996
2020-04-11,62,42.0,,0.42,26.04
2020-04-12,67,41.0,False,0.41,27.47
2020-04-13,84,41.0,,0.41,34.44
2020-04-14,87,41.0,,0.41,35.669999999999995
2020-04-15,85,41.0,,0.41,34.85
2020-04-16,82,41.0,,0.41,33.62
2020-04-17,86,41.0,,0.41,35.26
2020-04-18,68,41.0,,0.41,27.88
2020-04-19,67,45.0,False,0.45,30.150000000000002
2020-04-20,88,45.0,,0.45,39.6
2020-04-21,87,45.0,,0.45,39.15
2020-04-22,94,45.0,,0.45,42.300000000000004
2020-04-23,93,45.0,,0.45,41.85
2020-04-24,86,45.0,,0.45,38.7
2020-04-25,68,45.0,,0.45,30.6
2020-04-26,71,46.0,False,0.46,32.660000000000004
2020-04-27,94,46.0,,0.46,43.24
2020-04-28,100,46.0,,0.46,46.0
2020-04-29,96,46.0,,0.46,44.160000000000004
2020-04-30,93,46.0,,0.46,42.78
2020-05-01,87,46.0,,0.46,40.02
2020-05-02,72,46.0,,0.46,33.120000000000005
2020-05-03,66,46.0,False,0.46,30.360000000000003
2020-05-04,95,46.0,,0.46,43.7
2020-05-05,93,46.0,,0.46,42.78
2020-05-06,97,46.0,,0.46,44.620000000000005
2020-05-07,88,46.0,,0.46,40.480000000000004
2020-05-08,88,46.0,,0.46,40.480000000000004
2020-05-09,64,46.0,,0.46,29.44
2020-05-10,68,46.0,False,0.46,31.28
2020-05-11,80,46.0,,0.46,36.800000000000004
2020-05-12,95,46.0,,0.46,43.7
2020-05-13,97,46.0,,0.46,44.620000000000005
2020-05-14,97,46.0,,0.46,44.620000000000005
2020-05-15,92,46.0,,0.46,42.32
2020-05-16,72,46.0,,0.46,33.120000000000005
2020-05-17,72,47.0,False,0.47,33.839999999999996
2020-05-18,93,47.0,,0.47,43.71
2020-05-19,95,47.0,,0.47,44.65
2020-05-20,92,47.0,,0.47,43.239999999999995
2020-05-21,98,47.0,,0.47,46.059999999999995
2020-05-22,83,47.0,,0.47,39.01
2020-05-23,74,47.0,,0.47,34.78
2020-05-24,60,45.0,False,0.45,27.0
2020-05-25,72,45.0,,0.45,32.4
2020-05-26,99,45.0,,0.45,44.550000000000004
2020-05-27,94,45.0,,0.45,42.300000000000004
2020-05-28,100,45.0,,0.45,45.0
2020-05-29,87,45.0,,0.45,39.15
2020-05-30,64,45.0,,0.45,28.8
2020-05-31,65,45.0,False,0.45,29.25
2020-06-01,66,45.0,,0.45,29.7
2020-06-02,68,45.0,,0.45,30.6
2020-06-03,65,45.0,,0.45,29.25
2020-06-04,70,45.0,,0.45,31.5
2020-06-05,59,45.0,,0.45,26.55
2020-06-06,44,45.0,,0.45,19.8
2020-06-07,49,48.0,False,0.48,23.52
2020-06-08,66,48.0,,0.48,31.68
2020-06-09,67,48.0,,0.48,32.16
2020-06-10,69,48.0,,0.48,33.12
2020-06-11,69,48.0,,0.48,33.12
2020-06-12,65,48.0,,0.48,31.2
2020-06-13,49,48.0,,0.48,23.52
2020-06-14,47,48.0,False,0.48,22.56
2020-06-15,66,48.0,,0.48,31.68
2020-06-16,67,48.0,,0.48,32.16
2020-06-17,69,48.0,,0.48,33.12
2020-06-18,75,48.0,,0.48,36.0
2020-06-19,68,48.0,,0.48,32.64
2020-06-20,47,48.0,,0.48,22.56
2020-06-21,52,60.0,False,0.6,31.2
2020-06-22,80,60.0,,0.6,48.0
2020-06-23,77,60.0,,0.6,46.199999999999996
2020-06-24,79,60.0,,0.6,47.4
2020-06-25,100,60.0,,0.6,60.0
2020-06-26,79,60.0,,0.6,47.4
2020-06-27,60,60.0,,0.6,36.0
2020-06-28,54,50.0,False,0.5,27.0
2020-06-29,74,50.0,,0.5,37.0
2020-06-30,76,50.0,,0.5,38.0
2020-07-01,83,50.0,,0.5,41.5
2020-07-02,88,50.0,,0.5,44.0
2020-07-03,64,50.0,,0.5,32.0
2020-07-04,59,50.0,,0.5,29.5
2020-07-05,55,52.0,False,0.52,28.6
2020-07-06,85,52.0,,0.52,44.2
2020-07-07,85,52.0,,0.52,44.2
2020-07-08,88,52.0,,0.52,45.760000000000005
2020-07-09,87,52.0,,0.52,45.24
2020-07-10,85,52.0,,0.52,44.2
2020-07-11,64,52.0,,0.52,33.28
2020-07-12,62,57.0,False,0.57,35.339999999999996
2020-07-13,86,57.0,,0.57,49.019999999999996
2020-07-14,84,57.0,,0.57,47.879999999999995
2020-07-15,99,57.0,,0.57,56.42999999999999
2020-07-16,100,57.0,,0.57,56.99999999999999
2020-07-17,88,57.0,,0.57,50.16
2020-07-18,68,57.0,,0.57,38.76
2020-07-19,70,56.0,False,0.56,39.2
2020-07-20,90,56.0,,0.56,50.400000000000006
2020-07-21,93,56.0,,0.56,52.080000000000005
2020-07-22,91,56.0,,0.56,50.96000000000001
2020-07-23,98,56.0,,0.56,54.88
2020-07-24,82,56.0,,0.56,45.92
2020-07-25,64,56.0,,0.56,35.84
2020-07-26,78,57.0,False,0.57,44.459999999999994
2020-07-27,97,57.0,,0.57,55.28999999999999
2020-07-28,98,57.0,,0.57,55.85999999999999
2020-07-29,90,57.0,,0.57,51.3
2020-07-30,87,57.0,,0.57,49.589999999999996
2020-07-31,80,57.0,,0.57,45.599999999999994
2020-08-01,66,57.0,,0.57,37.62
2020-08-02,68,53.0,False,0.53,36.04
2020-08-03,98,53.0,,0.53,51.940000000000005
2020-08-04,99,53.0,,0.53,52.470000000000006
2020-08-05,97,53.0,,0.53,51.410000000000004
2020-08-06,98,53.0,,0.53,51.940000000000005
2020-08-07,94,53.0,,0.53,49.82
2020-08-08,65,53.0,,0.53,34.45
2020-08-09,67,51.0,False,0.51,34.17
2020-08-10,92,51.0,,0.51,46.92
2020-08-11,92,51.0,,0.51,46.92
2020-08-12,97,51.0,,0.51,49.47
2020-08-13,95,51.0,,0.51,48.45
2020-08-14,88,51.0,,0.51,44.88
2020-08-15,66,51.0,,0.51,33.660000000000004
2020-08-16,67,51.0,False,0.51,34.17
2020-08-17,99,51.0,,0.51,50.49
2020-08-18,93,51.0,,0.51,47.43
2020-08-19,87,51.0,,0.51,44.37
2020-08-20,90,51.0,,0.51,45.9
2020-08-21,86,51.0,,0.51,43.86
2020-08-22,65,51.0,,0.51,33.15
2020-08-23,65,50.0,False,0.5,32.5
2020-08-24,82,50.0,,0.5,41.0
2020-08-25,98,50.0,,0.5,49.0
2020-08-26,100,50.0,,0.5,50.0
2020-08-27,85,50.0,,0.5,42.5
2020-08-28,85,50.0,,0.5,42.5
2020-08-29,59,50.0,,0.5,29.5
2020-08-30,64,48.0,False,0.48,30.72
2020-08-31,85,48.0,,0.48,40.8
2020-09-01,91,48.0,,0.48,43.68
2020-09-02,99,48.0,,0.48,47.519999999999996
2020-09-03,95,48.0,,0.48,45.6
2020-09-04,85,48.0,,0.48,40.8
2020-09-05,69,48.0,,0.48,33.12
2020-09-06,66,47.0,False,0.47,31.02
2020-09-07,65,47.0,,0.47,30.549999999999997
2020-09-08,92,47.0,,0.47,43.239999999999995
2020-09-09,100,47.0,,0.47,47.0
2020-09-10,87,47.0,,0.47,40.89
2020-09-11,97,47.0,,0.47,45.589999999999996
2020-09-12,69,47.0,,0.47,32.43
2020-09-13,64,47.0,False,0.47,30.08
2020-09-14,90,47.0,,0.47,42.3
2020-09-15,95,47.0,,0.47,44.65
2020-09-16,86,47.0,,0.47,40.419999999999995
2020-09-17,85,47.0,,0.47,39.949999999999996
2020-09-18,84,47.0,,0.47,39.48
2020-09-19,65,47.0,,0.47,30.549999999999997
2020-09-20,67,48.0,False,0.48,32.16
2020-09-21,86,48.0,,0.48,41.28
2020-09-22,92,48.0,,0.48,44.16
2020-09-23,92,48.0,,0.48,44.16
2020-09-24,94,48.0,,0.48,45.12
2020-09-25,91,48.0,,0.48,43.68
2020-09-26,67,48.0,,0.48,32.16
2020-09-27,64,45.0,False,0.45,28.8
2020-09-28,83,45.0,,0.45,37.35
2020-09-29,92,45.0,,0.45,41.4
2020-09-30,89,45.0,,0.45,40.050000000000004
2020-10-01,86,45.0,,0.45,38.7
2020-10-02,78,45.0,,0.45,35.1
2020-10-03,63,45.0,,0.45,28.35
2020-10-04,63,47.0,False,0.47,29.61
2020-10-05,83,47.0,,0.47,39.01
2020-10-06,84,47.0,,0.47,39.48
2020-10-07,90,47.0,,0.47,42.3
2020-10-08,90,47.0,,0.47,42.3
2020-10-09,85,47.0,,0.47,39.949999999999996
2020-10-10,59,47.0,,0.47,27.729999999999997
2020-10-11,56,49.0,False,0.49,27.439999999999998
2020-10-12,83,49.0,,0.49,40.67
2020-10-13,96,49.0,,0.49,47.04
2020-10-14,97,49.0,,0.49,47.53
2020-10-15,98,49.0,,0.49,48.019999999999996
2020-10-16,86,49.0,,0.49,42.14
2020-10-17,69,49.0,,0.49,33.81
2020-10-18,63,50.0,False,0.5,31.5
2020-10-19,88,50.0,,0.5,44.0
2020-10-20,93,50.0,,0.5,46.5
2020-10-21,96,50.0,,0.5,48.0
2020-10-22,93,50.0,,0.5,46.5
2020-10-23,82,50.0,,0.5,41.0
2020-10-24,68,50.0,,0.5,34.0
2020-10-25,59,49.0,False,0.49,28.91
2020-10-26,91,49.0,,0.49,44.589999999999996
2020-10-27,92,49.0,,0.49,45.08
2020-10-28,100,49.0,,0.49,49.0
2020-10-29,89,49.0,,0.49,43.61
2020-10-30,87,49.0,,0.49,42.63
2020-10-31,63,49.0,,0.49,30.87
2020-11-01,69,41.0,False,0.41,28.29
2020-11-02,100,41.0,,0.41,41.0
2020-11-03,99,41.0,,0.41,40.589999999999996
2020-11-04,67,41.0,,0.41,27.47
2020-11-05,70,41.0,,0.41,28.7
2020-11-06,80,41.0,,0.41,32.8
2020-11-07,60,41.0,,0.41,24.599999999999998
2020-11-08,68,46.0,False,0.46,31.28
2020-11-09,86,46.0,,0.46,39.56
2020-11-10,97,46.0,,0.46,44.620000000000005
2020-11-11,91,46.0,,0.46,41.86
2020-11-12,98,46.0,,0.46,45.080000000000005
2020-11-13,98,46.0,,0.46,45.080000000000005
2020-11-14,72,46.0,,0.46,33.120000000000005
2020-11-15,65,46.0,False,0.46,29.900000000000002
2020-11-16,99,46.0,,0.46,45.54
2020-11-17,95,46.0,,0.46,43.7
2020-11-18,96,46.0,,0.46,44.160000000000004
2020-11-19,91,46.0,,0.46,41.86
2020-11-20,82,46.0,,0.46,37.72
2020-11-21,72,46.0,,0.46,33.120000000000005
2020-11-22,58,40.0,False,0.4,23.200000000000003
2020-11-23,100,40.0,,0.4,40.0
2020-11-24,96,40.0,,0.4,38.400000000000006
2020-11-25,78,40.0,,0.4,31.200000000000003
2020-11-26,56,40.0,,0.4,22.400000000000002
2020-11-27,62,40.0,,0.4,24.8
2020-11-28,58,40.0,,0.4,23.200000000000003
2020-11-29,62,45.0,False,0.45,27.900000000000002
2020-11-30,91,45.0,,0.45,40.95
2020-12-01,90,45.0,,0.45,40.5
2020-12-02,91,45.0,,0.45,40.95
2020-12-03,100,45.0,,0.45,45.0
2020-12-04,86,45.0,,0.45,38.7
2020-12-05,63,45.0,,0.45,28.35
2020-12-06,58,44.0,False,0.44,25.52
2020-12-07,89,44.0,,0.44,39.160000000000004
2020-12-08,86,44.0,,0.44,37.84
2020-12-09,88,44.0,,0.44,38.72
2020-12-10,86,44.0,,0.44,37.84
2020-12-11,75,44.0,,0.44,33.0
2020-12-12,59,44.0,,0.44,25.96
2020-12-13,55,45.0,False,0.45,24.75
2020-12-14,82,45.0,,0.45,36.9
2020-12-15,86,45.0,,0.45,38.7
2020-12-16,87,45.0,,0.45,39.15
2020-12-17,84,45.0,,0.45,37.800000000000004
2020-12-18,81,45.0,,0.45,36.45
2020-12-19,65,45.0,,0.45,29.25
2020-12-20,56,39.0,False,0.39,21.84
2020-12-21,81,39.0,,0.39,31.59
2020-12-22,82,39.0,,0.39,31.98
2020-12-23,81,39.0,,0.39,31.59
2020-12-24,67,39.0,,0.39,26.130000000000003
2020-12-25,49,39.0,,0.39,19.11
2020-12-26,54,39.0,,0.39,21.060000000000002
2020-12-27,58,41.0,False,0.41,23.779999999999998
2020-12-28,76,41.0,,0.41,31.159999999999997
2020-12-29,78,41.0,,0.41,31.979999999999997
2020-12-30,85,41.0,,0.41,34.85
2020-12-31,69,41.0,,0.41,28.29
2021-01-01,62,41.0,,0.41,25.419999999999998
2021-01-02,63,41.0,,0.41,25.83
2021-01-03,63,47.0,False,0.47,29.61
2021-01-04,88,47.0,,0.47,41.36
2021-01-05,89,47.0,,0.47,41.83
2021-01-06,90,47.0,,0.47,42.3
2021-01-07,88,47.0,,0.47,41.36
2021-01-08,85,47.0,,0.47,39.949999999999996
2021-01-09,70,47.0,,0.47,32.9
2021-01-10,61,45.0,False,0.45,27.45
2021-01-11,85,45.0,,0.45,38.25
2021-01-12,87,45.0,,0.45,39.15
2021-01-13,92,45.0,,0.45,41.4
2021-01-14,94,45.0,,0.45,42.300000000000004
2021-01-15,84,45.0,,0.45,37.800000000000004
2021-01-16,68,45.0,,0.45,30.6
2021-01-17,61,46.0,False,0.46,28.060000000000002
2021-01-18,80,46.0,,0.46,36.800000000000004
2021-01-19,91,46.0,,0.46,41.86
2021-01-20,88,46.0,,0.46,40.480000000000004
2021-01-21,87,46.0,,0.46,40.02
2021-01-22,88,46.0,,0.46,40.480000000000004
2021-01-23,65,46.0,,0.46,29.900000000000002
2021-01-24,63,50.0,False,0.5,31.5
2021-01-25,94,50.0,,0.5,47.0
2021-01-26,98,50.0,,0.5,49.0
2021-01-27,96,50.0,,0.5,48.0
2021-01-28,100,50.0,,0.5,50.0
2021-01-29,90,50.0,,0.5,45.0
2021-01-30,77,50.0,,0.5,38.5
2021-01-31,73,54.0,False,0.54,39.42
2021-02-01,68,54.0,,0.54,36.72
2021-02-02,76,54.0,,0.54,41.040000000000006
2021-02-03,75,54.0,,0.54,40.5
2021-02-04,75,54.0,,0.54,40.5
2021-02-05,78,54.0,,0.54,42.120000000000005
2021-02-06,61,54.0,,0.54,32.940000000000005
2021-02-07,64,64.0,False,0.64,40.96
2021-02-08,80,64.0,,0.64,51.2
2021-02-09,83,64.0,,0.64,53.120000000000005
2021-02-10,100,64.0,,0.64,64.0
2021-02-11,92,64.0,,0.64,58.88
2021-02-12,78,64.0,,0.64,49.92
2021-02-13,68,64.0,,0.64,43.52
2021-02-14,60,59.0,False,0.59,35.4
2021-02-15,68,59.0,,0.59,40.12
2021-02-16,82,59.0,,0.59,48.379999999999995
2021-02-17,80,59.0,,0.59,47.199999999999996
2021-02-18,74,59.0,,0.59,43.66
2021-02-19,82,59.0,,0.59,48.379999999999995
2021-02-20,90,59.0,,0.59,53.099999999999994
2021-02-21,72,67.0,False,0.67,48.24
2021-02-22,83,67.0,,0.67,55.61000000000001
2021-02-23,85,67.0,,0.67,56.95
2021-02-24,76,67.0,,0.67,50.92
2021-02-25,86,67.0,,0.67,57.620000000000005
2021-02-26,89,67.0,,0.67,59.63
2021-02-27,100,67.0,,0.67,67.0
2021-02-28,84,66.0,False,0.66,55.440000000000005
2021-03-01,77,66.0,,0.66,50.82
2021-03-02,80,66.0,,0.66,52.800000000000004
2021-03-03,68,66.0,,0.66,44.88
2021-03-04,70,66.0,,0.66,46.2
2021-03-05,66,66.0,,0.66,43.56
2021-03-06,54,66.0,,0.66,35.64
2021-03-07,49,56.0,False,0.56,27.44
2021-03-08,68,56.0,,0.56,38.080000000000005
2021-03-09,66,56.0,,0.56,36.96
2021-03-10,68,56.0,,0.56,38.080000000000005
2021-03-11,64,56.0,,0.56,35.84
2021-03-12,67,56.0,,0.56,37.52
2021-03-13,49,56.0,,0.56,27.44
2021-03-14,44,72.0,False,0.72,31.68
2021-03-15,60,72.0,,0.72,43.199999999999996
2021-03-16,82,72.0,,0.72,59.04
2021-03-17,90,72.0,,0.72,64.8
2021-03-18,100,72.0,,0.72,72.0
2021-03-19,72,72.0,,0.72,51.839999999999996
2021-03-20,57,72.0,,0.72,41.04
2021-03-21,54,58.0,False,0.58,31.319999999999997
2021-03-22,69,58.0,,0.58,40.019999999999996
2021-03-23,71,58.0,,0.58,41.18
2021-03-24,65,58.0,,0.58,37.699999999999996
2021-03-25,70,58.0,,0.58,40.599999999999994
2021-03-26,68,58.0,,0.58,39.44
2021-03-27,55,58.0,,0.58,31.9
2021-03-28,47,55.0,False,0.55,25.85
2021-03-29,67,55.0,,0.55,36.85
2021-03-30,68,55.0,,0.55,37.400000000000006
2021-03-31,61,55.0,,0.55,33.550000000000004
2021-04-01,82,55.0,,0.55,45.1
2021-04-02,84,55.0,,0.55,46.2
2021-04-03,63,55.0,,0.55,34.650000000000006
2021-04-04,65,57.0,False,0.57,37.05
2021-04-05,88,57.0,,0.57,50.16
2021-04-06,93,57.0,,0.57,53.01
2021-04-07,84,57.0,,0.57,47.879999999999995
2021-04-08,84,57.0,,0.57,47.879999999999995
2021-04-09,79,57.0,,0.57,45.029999999999994
2021-04-10,63,57.0,,0.57,35.91
2021-04-11,72,63.0,False,0.63,45.36
2021-04-12,85,63.0,,0.63,53.55
2021-04-13,85,63.0,,0.63,53.55
2021-04-14,95,63.0,,0.63,59.85
2021-04-15,97,63.0,,0.63,61.11
2021-04-16,98,63.0,,0.63,61.74
2021-04-17,75,63.0,,0.63,47.25
2021-04-18,72,66.0,False,0.66,47.52
2021-04-19,91,66.0,,0.66,60.06
2021-04-20,97,66.0,,0.66,64.02
2021-04-21,96,66.0,,0.66,63.36
2021-04-22,94,66.0,,0.66,62.040000000000006
2021-04-23,100,66.0,,0.66,66.0
2021-04-24,77,66.0,,0.66,50.82
2021-04-25,66,58.0,False,0.58,38.279999999999994
2021-04-26,91,58.0,,0.58,52.779999999999994
2021-04-27,93,58.0,,0.58,53.94
2021-04-28,89,58.0,,0.58,51.62
2021-04-29,86,58.0,,0.58,49.879999999999995
2021-04-30,73,58.0,,0.58,42.339999999999996
2021-05-01,48,58.0,,0.58,27.839999999999996
2021-05-02,44,73.0,False,0.73,32.12
2021-05-03,57,73.0,,0.73,41.61
2021-05-04,61,73.0,,0.73,44.53
2021-05-05,71,73.0,,0.73,51.83
2021-05-06,81,73.0,,0.73,59.129999999999995
2021-05-07,76,73.0,,0.73,55.48
2021-05-08,55,73.0,,0.73,40.15
2021-05-09,56,100.0,False,1.0,56.0
2021-05-10,77,100.0,,1.0,77.0
2021-05-11,71,100.0,,1.0,71.0
2021-05-12,70,100.0,,1.0,70.0
2021-05-13,88,100.0,,1.0,88.0
2021-05-14,85,100.0,,1.0,85.0
2021-05-15,100,100.0,,1.0,100.0
2021-05-16,83,94.0,False,0.94,78.02
2021-05-17,85,94.0,,0.94,79.89999999999999
2021-05-18,69,94.0,,0.94,64.86
2021-05-19,83,94.0,,0.94,78.02
2021-05-20,76,94.0,,0.94,71.44
2021-05-21,69,94.0,,0.94,64.86
2021-05-22,54,94.0,,0.94,50.76
2021-05-23,52,66.0,False,0.66,34.32
2021-05-24,63,66.0,,0.66,41.580000000000005
2021-05-25,68,66.0,,0.66,44.88
2021-05-26,59,66.0,,0.66,38.940000000000005
2021-05-27,61,66.0,,0.66,40.260000000000005
2021-05-28,56,66.0,,0.66,36.96
2021-05-29,48,66.0,,0.66,31.68
2021-05-30,51,62.0,False,0.62,31.62
2021-05-31,48,62.0,,0.62,29.759999999999998
2021-06-01,100,62.0,,0.62,62.0
2021-06-02,96,62.0,,0.62,59.519999999999996
2021-06-03,100,62.0,,0.62,62.0
2021-06-04,90,62.0,,0.62,55.8
2021-06-05,70,62.0,,0.62,43.4
2021-06-06,70,58.0,False,0.58,40.599999999999994
2021-06-07,85,58.0,,0.58,49.3
2021-06-08,91,58.0,,0.58,52.779999999999994
2021-06-09,93,58.0,,0.58,53.94
2021-06-10,85,58.0,,0.58,49.3
2021-06-11,82,58.0,,0.58,47.559999999999995
2021-06-12,67,58.0,,0.58,38.86
2021-06-13,66,56.0,False,0.56,36.96
2021-06-14,79,56.0,,0.56,44.24
2021-06-15,91,56.0,,0.56,50.96000000000001
2021-06-16,88,56.0,,0.56,49.28
2021-06-17,85,56.0,,0.56,47.6
2021-06-18,81,56.0,,0.56,45.36000000000001
2021-06-19,67,56.0,,0.56,37.52
2021-06-20,65,55.0,False,0.55,35.75
2021-06-21,83,55.0,,0.55,45.650000000000006
2021-06-22,93,55.0,,0.55,51.150000000000006
2021-06-23,84,55.0,,0.55,46.2
2021-06-24,87,55.0,,0.55,47.85
2021-06-25,73,55.0,,0.55,40.150000000000006
2021-06-26,61,55.0,,0.55,33.550000000000004
2021-06-27,64,55.0,False,0.55,35.2
2021-06-28,82,55.0,,0.55,45.1
2021-06-29,89,55.0,,0.55,48.95
2021-06-30,84,55.0,,0.55,46.2
2021-07-01,93,55.0,,0.55,51.150000000000006
2021-07-02,90,55.0,,0.55,49.50000000000001
2021-07-03,70,55.0,,0.55,38.5
2021-07-04,61,52.0,False,0.52,31.720000000000002
2021-07-05,76,52.0,,0.52,39.52
2021-07-06,97,52.0,,0.52,50.440000000000005
2021-07-07,94,52.0,,0.52,48.88
2021-07-08,89,52.0,,0.52,46.28
2021-07-09,85,52.0,,0.52,44.2
2021-07-10,69,52.0,,0.52,35.88
2021-07-11,70,54.0,False,0.54,37.800000000000004
2021-07-12,88,54.0,,0.54,47.52
2021-07-13,92,54.0,,0.54,49.68000000000001
2021-07-14,90,54.0,,0.54,48.6
2021-07-15,94,54.0,,0.54,50.760000000000005
2021-07-16,81,54.0,,0.54,43.74
2021-07-17,65,54.0,,0.54,35.1
2021-07-18,59,53.0,False,0.53,31.270000000000003
2021-07-19,87,53.0,,0.53,46.11
2021-07-20,93,53.0,,0.53,49.29
2021-07-21,94,53.0,,0.53,49.82
2021-07-22,93,53.0,,0.53,49.29
2021-07-23,84,53.0,,0.53,44.52
2021-07-24,69,53.0,,0.53,36.57
2021-07-25,69,55.0,False,0.55,37.95
2021-07-26,100,55.0,,0.55,55.00000000000001
2021-07-27,97,55.0,,0.55,53.35
2021-07-28,97,55.0,,0.55,53.35
2021-07-29,81,55.0,,0.55,44.550000000000004
2021-07-30,82,55.0,,0.55,45.1
2021-07-31,65,55.0,,0.55,35.75
2021-08-01,42,55.0,False,0.55,23.1
2021-08-02,56,55.0,,0.55,30.800000000000004
2021-08-03,56,55.0,,0.55,30.800000000000004
2021-08-04,60,55.0,,0.55,33.0
2021-08-05,58,55.0,,0.55,31.900000000000002
2021-08-06,58,55.0,,0.55,31.900000000000002
2021-08-07,47,55.0,,0.55,25.85
2021-08-08,42,68.0,False,0.68,28.560000000000002
2021-08-09,58,68.0,,0.68,39.440000000000005
2021-08-10,66,68.0,,0.68,44.88
2021-08-11,80,68.0,,0.68,54.400000000000006
2021-08-12,67,68.0,,0.68,45.56
2021-08-13,85,68.0,,0.68,57.800000000000004
2021-08-14,65,68.0,,0.68,44.2
2021-08-15,55,72.0,False,0.72,39.6
2021-08-16,69,72.0,,0.72,49.68
2021-08-17,63,72.0,,0.72,45.36
2021-08-18,68,72.0,,0.72,48.96
2021-08-19,71,72.0,,0.72,51.12
2021-08-20,90,72.0,,0.72,64.8
2021-08-21,59,72.0,,0.72,42.48
2021-08-22,56,88.0,False,0.88,49.28
2021-08-23,100,88.0,,0.88,88.0
2021-08-24,88,88.0,,0.88,77.44
2021-08-25,79,88.0,,0.88,69.52
2021-08-26,87,88.0,,0.88,76.56
2021-08-27,69,88.0,,0.88,60.72
2021-08-28,63,88.0,,0.88,55.44
2021-08-29,60,74.0,False,0.74,44.4
2021-08-30,71,74.0,,0.74,52.54
2021-08-31,69,74.0,,0.74,51.06
2021-09-01,92,74.0,,0.74,68.08
2021-09-02,100,74.0,,0.74,74.0
2021-09-03,88,74.0,,0.74,65.12
2021-09-04,75,74.0,,0.74,55.5
2021-09-05,68,62.0,False,0.62,42.16
2021-09-06,72,62.0,,0.62,44.64
2021-09-07,99,62.0,,0.62,61.38
2021-09-08,87,62.0,,0.62,53.94
2021-09-09,86,62.0,,0.62,53.32
2021-09-10,80,62.0,,0.62,49.6
2021-09-11,71,62.0,,0.62,44.02
2021-09-12,75,62.0,False,0.62,46.5
2021-09-13,89,62.0,,0.62,55.18
2021-09-14,85,62.0,,0.62,52.7
2021-09-15,96,62.0,,0.62,59.519999999999996
2021-09-16,86,62.0,,0.62,53.32
2021-09-17,78,62.0,,0.62,48.36
2021-09-18,59,62.0,,0.62,36.58
2021-09-19,54,62.0,False,0.62,33.48
2021-09-20,91,62.0,,0.62,56.42
2021-09-21,88,62.0,,0.62,54.56
2021-09-22,90,62.0,,0.62,55.8
2021-09-23,88,62.0,,0.62,54.56
2021-09-24,78,62.0,,0.62,48.36
2021-09-25,69,62.0,,0.62,42.78
2021-09-26,60,58.0,False,0.58,34.8
2021-09-27,84,58.0,,0.58,48.72
2021-09-28,82,58.0,,0.58,47.559999999999995
2021-09-29,78,58.0,,0.58,45.239999999999995
2021-09-30,77,58.0,,0.58,44.66
2021-10-01,86,58.0,,0.58,49.879999999999995
2021-10-02,69,58.0,,0.58,40.019999999999996
2021-10-03,56,59.0,False,0.59,33.04
2021-10-04,83,59.0,,0.59,48.97
2021-10-05,87,59.0,,0.59,51.33
2021-10-06,89,59.0,,0.59,52.51
2021-10-07,80,59.0,,0.59,47.199999999999996
2021-10-08,77,59.0,,0.59,45.43
2021-10-09,67,59.0,,0.59,39.53
2021-10-10,56,59.0,False,0.59,33.04
2021-10-11,80,59.0,,0.59,47.199999999999996
2021-10-12,84,59.0,,0.59,49.559999999999995
2021-10-13,90,59.0,,0.59,53.099999999999994
2021-10-14,84,59.0,,0.59,49.559999999999995
2021-10-15,84,59.0,,0.59,49.559999999999995
2021-10-16,63,59.0,,0.59,37.169999999999995
2021-10-17,60,59.0,False,0.59,35.4
2021-10-18,85,59.0,,0.59,50.15
2021-10-19,82,59.0,,0.59,48.379999999999995
2021-10-20,86,59.0,,0.59,50.739999999999995
2021-10-21,94,59.0,,0.59,55.459999999999994
2021-10-22,85,59.0,,0.59,50.15
2021-10-23,70,59.0,,0.59,41.3
2021-10-24,62,63.0,False,0.63,39.06
2021-10-25,90,63.0,,0.63,56.7
2021-10-26,100,63.0,,0.63,63.0
2021-10-27,84,63.0,,0.63,52.92
2021-10-28,88,63.0,,0.63,55.44
2021-10-29,80,63.0,,0.63,50.4
2021-10-30,64,63.0,,0.63,40.32
2021-10-31,57,59.0,False,0.59,33.629999999999995
2021-11-01,88,59.0,,0.59,51.919999999999995
2021-11-02,96,59.0,,0.59,56.64
2021-11-03,95,59.0,,0.59,56.05
2021-11-04,94,59.0,,0.59,55.459999999999994
2021-11-05,87,59.0,,0.59,51.33
2021-11-06,72,59.0,,0.59,42.48
2021-11-07,69,60.0,False,0.6,41.4
2021-11-08,97,60.0,,0.6,58.199999999999996
2021-11-09,99,60.0,,0.6,59.4
2021-11-10,97,60.0,,0.6,58.199999999999996
2021-11-11,96,60.0,,0.6,57.599999999999994
2021-11-12,89,60.0,,0.6,53.4
2021-11-13,70,60.0,,0.6,42.0
2021-11-14,64,60.0,False,0.6,38.4
2021-11-15,87,60.0,,0.6,52.199999999999996
2021-11-16,97,60.0,,0.6,58.199999999999996
2021-11-17,90,60.0,,0.6,54.0
2021-11-18,100,60.0,,0.6,60.0
2021-11-19,84,60.0,,0.6,50.4
2021-11-20,69,60.0,,0.6,41.4
2021-11-21,59,53.0,False,0.53,31.270000000000003
2021-11-22,88,53.0,,0.53,46.64
2021-11-23,86,53.0,,0.53,45.580000000000005
2021-11-24,100,53.0,,0.53,53.0
2021-11-25,77,53.0,,0.53,40.81
2021-11-26,66,53.0,,0.53,34.980000000000004
2021-11-27,61,53.0,,0.53,32.33
2021-11-28,60,56.0,False,0.56,33.6
2021-11-29,83,56.0,,0.56,46.480000000000004
2021-11-30,89,56.0,,0.56,49.84
2021-12-01,99,56.0,,0.56,55.440000000000005
2021-12-02,95,56.0,,0.56,53.2
2021-12-03,98,56.0,,0.56,54.88
2021-12-04,85,56.0,,0.56,47.6
2021-12-05,65,54.0,False,0.54,35.1
2021-12-06,90,54.0,,0.54,48.6
2021-12-07,92,54.0,,0.54,49.68000000000001
2021-12-08,98,54.0,,0.54,52.92
2021-12-09,97,54.0,,0.54,52.38
2021-12-10,87,54.0,,0.54,46.980000000000004
2021-12-11,75,54.0,,0.54,40.5
2021-12-12,67,55.0,False,0.55,36.85
2021-12-13,89,55.0,,0.55,48.95
2021-12-14,90,55.0,,0.55,49.50000000000001
2021-12-15,92,55.0,,0.55,50.6
2021-12-16,100,55.0,,0.55,55.00000000000001
2021-12-17,88,55.0,,0.55,48.400000000000006
2021-12-18,67,55.0,,0.55,36.85
2021-12-19,62,50.0,False,0.5,31.0
2021-12-20,92,50.0,,0.5,46.0
2021-12-21,86,50.0,,0.5,43.0
2021-12-22,90,50.0,,0.5,45.0
2021-12-23,77,50.0,,0.5,38.5
2021-12-24,67,50.0,,0.5,33.5
2021-12-25,55,50.0,,0.5,27.5
2021-12-26,62,48.0,False,0.48,29.759999999999998
2021-12-27,90,48.0,,0.48,43.199999999999996
2021-12-28,88,48.0,,0.48,42.239999999999995
2021-12-29,76,48.0,,0.48,36.48
2021-12-30,72,48.0,,0.48,34.56
2021-12-31,64,48.0,,0.48,30.72
2022-01-01,63,48.0,,0.48,30.24
2022-01-02,58,53.0,False,0.53,30.740000000000002
2022-01-03,80,53.0,,0.53,42.400000000000006
2022-01-04,90,53.0,,0.53,47.7
2022-01-05,86,53.0,,0.53,45.580000000000005
2022-01-06,87,53.0,,0.53,46.11
2022-01-07,82,53.0,,0.53,43.46
2022-01-08,65,53.0,,0.53,34.45
2022-01-09,63,57.0,False,0.57,35.91
2022-01-10,88,57.0,,0.57,50.16
2022-01-11,98,57.0,,0.57,55.85999999999999
2022-01-12,100,57.0,,0.57,56.99999999999999
2022-01-13,91,57.0,,0.57,51.87
2022-01-14,87,57.0,,0.57,49.589999999999996
2022-01-15,66,57.0,,0.57,37.62
2022-01-16,66,57.0,False,0.57,37.62
2022-01-17,89,57.0,,0.57,50.73
2022-01-18,98,57.0,,0.57,55.85999999999999
2022-01-19,86,57.0,,0.57,49.019999999999996
2022-01-20,99,57.0,,0.57,56.42999999999999
2022-01-21,87,57.0,,0.57,49.589999999999996
2022-01-22,79,57.0,,0.57,45.029999999999994
2022-01-23,64,57.0,False,0.57,36.48
2022-01-24,96,57.0,,0.57,54.72
2022-01-25,95,57.0,,0.57,54.15
2022-01-26,85,57.0,,0.57,48.449999999999996
2022-01-27,91,57.0,,0.57,51.87
2022-01-28,91,57.0,,0.57,51.87
2022-01-29,65,57.0,,0.57,37.05
2022-01-30,63,54.0,False,0.54,34.02
2022-01-31,93,54.0,,0.54,50.220000000000006
2022-02-01,86,54.0,,0.54,46.440000000000005
2022-02-02,87,54.0,,0.54,46.980000000000004
2022-02-03,90,54.0,,0.54,48.6
2022-02-04,79,54.0,,0.54,42.660000000000004
2022-02-05,70,54.0,,0.54,37.800000000000004
2022-02-06,62,56.0,False,0.56,34.720000000000006
2022-02-07,95,56.0,,0.56,53.2
2022-02-08,96,56.0,,0.56,53.760000000000005
2022-02-09,92,56.0,,0.56,51.52
2022-02-10,92,56.0,,0.56,51.52
2022-02-11,93,56.0,,0.56,52.080000000000005
2022-02-12,67,56.0,,0.56,37.52
2022-02-13,63,55.0,False,0.55,34.650000000000006
2022-02-14,84,55.0,,0.55,46.2
2022-02-15,100,55.0,,0.55,55.00000000000001
2022-02-16,91,55.0,,0.55,50.050000000000004
2022-02-17,98,55.0,,0.55,53.900000000000006
2022-02-18,87,55.0,,0.55,47.85
2022-02-19,67,55.0,,0.55,36.85
2022-02-20,67,55.0,False,0.55,36.85
2022-02-21,89,55.0,,0.55,48.95
2022-02-22,95,55.0,,0.55,52.25000000000001
2022-02-23,95,55.0,,0.55,52.25000000000001
2022-02-24,92,55.0,,0.55,50.6
2022-02-25,97,55.0,,0.55,53.35
2022-02-26,70,55.0,,0.55,38.5
2022-02-27,63,57.0,False,0.57,35.91
2022-02-28,93,57.0,,0.57,53.01
2022-03-01,87,57.0,,0.57,49.589999999999996
2022-03-02,91,57.0,,0.57,51.87
2022-03-03,90,57.0,,0.57,51.3
2022-03-04,85,57.0,,0.57,48.449999999999996
2022-03-05,65,57.0,,0.57,37.05
2022-03-06,62,58.0,False,0.58,35.96
2022-03-07,85,58.0,,0.58,49.3
2022-03-08,95,58.0,,0.58,55.099999999999994
2022-03-09,93,58.0,,0.58,53.94
2022-03-10,89,58.0,,0.58,51.62
2022-03-11,86,58.0,,0.58,49.879999999999995
2022-03-12,65,58.0,,0.58,37.699999999999996
2022-03-13,58,55.0,False,0.55,31.900000000000002
2022-03-14,87,55.0,,0.55,47.85
2022-03-15,84,55.0,,0.55,46.2
2022-03-16,81,55.0,,0.55,44.550000000000004
2022-03-17,86,55.0,,0.55,47.300000000000004
2022-03-18,86,55.0,,0.55,47.300000000000004
2022-03-19,64,55.0,,0.55,35.2
2022-03-20,74,61.0,False,0.61,45.14
2022-03-21,96,61.0,,0.61,58.56
2022-03-22,100,61.0,,0.61,61.0
2022-03-23,98,61.0,,0.61,59.78
2022-03-24,95,61.0,,0.61,57.949999999999996
2022-03-25,90,61.0,,0.61,54.9
2022-03-26,63,61.0,,0.61,38.43
2022-03-27,57,55.0,False,0.55,31.35
2022-03-28,87,55.0,,0.55,47.85
2022-03-29,91,55.0,,0.55,50.050000000000004
2022-03-30,84,55.0,,0.55,46.2
2022-03-31,88,55.0,,0.55,48.400000000000006
2022-04-01,84,55.0,,0.55,46.2
2022-04-02,67,55.0,,0.55,36.85
2022-04-03,72,57.0,False,0.57,41.04
2022-04-04,93,57.0,,0.57,53.01
2022-04-05,95,57.0,,0.57,54.15
2022-04-06,92,57.0,,0.57,52.44
2022-04-07,95,57.0,,0.57,54.15
2022-04-08,88,57.0,,0.57,50.16
2022-04-09,70,57.0,,0.57,39.9
2022-04-10,63,54.0,False,0.54,34.02
2022-04-11,88,54.0,,0.54,47.52
2022-04-12,95,54.0,,0.54,51.300000000000004
2022-04-13,97,54.0,,0.54,52.38
2022-04-14,100,54.0,,0.54,54.0
2022-04-15,81,54.0,,0.54,43.74
2022-04-16,63,54.0,,0.54,34.02
2022-04-17,62,57.0,False,0.57,35.339999999999996
2022-04-18,99,57.0,,0.57,56.42999999999999
2022-04-19,94,57.0,,0.57,53.58
2022-04-20,96,57.0,,0.57,54.72
2022-04-21,92,57.0,,0.57,52.44
2022-04-22,86,57.0,,0.57,49.019999999999996
2022-04-23,75,57.0,,0.57,42.74999999999999
2022-04-24,68,55.0,False,0.55,37.400000000000006
2022-04-25,92,55.0,,0.55,50.6
2022-04-26,96,55.0,,0.55,52.800000000000004
2022-04-27,96,55.0,,0.55,52.800000000000004
2022-04-28,91,55.0,,0.55,50.050000000000004
2022-04-29,86,55.0,,0.55,47.300000000000004
2022-04-30,66,55.0,,0.55,36.300000000000004
2022-05-01,62,55.0,False,0.55,34.1
2022-05-02,85,55.0,,0.55,46.75000000000001
2022-05-03,87,55.0,,0.55,47.85
2022-05-04,90,55.0,,0.55,49.50000000000001
2022-05-05,88,55.0,,0.55,48.400000000000006
2022-05-06,83,55.0,,0.55,45.650000000000006
2022-05-07,69,55.0,,0.55,37.95
2022-05-08,63,60.0,False,0.6,37.8
2022-05-09,91,60.0,,0.6,54.6
2022-05-10,93,60.0,,0.6,55.8
2022-05-11,96,60.0,,0.6,57.599999999999994
2022-05-12,100,60.0,,0.6,60.0
2022-05-13,91,60.0,,0.6,54.6
2022-05-14,71,60.0,,0.6,42.6
2022-05-15,66,55.0,False,0.55,36.300000000000004
2022-05-16,80,55.0,,0.55,44.0
2022-05-17,91,55.0,,0.55,50.050000000000004
2022-05-18,88,55.0,,0.55,48.400000000000006
2022-05-19,92,55.0,,0.55,50.6
2022-05-20,81,55.0,,0.55,44.550000000000004
2022-05-21,73,55.0,,0.55,40.150000000000006
2022-05-22,64,54.0,False,0.54,34.56
2022-05-23,82,54.0,,0.54,44.28
2022-05-24,93,54.0,,0.54,50.220000000000006
2022-05-25,81,54.0,,0.54,43.74
2022-05-26,88,54.0,,0.54,47.52
2022-05-27,81,54.0,,0.54,43.74
2022-05-28,64,54.0,,0.54,34.56
2022-05-29,62,57.0,True,0.57,35.339999999999996
2022-05-30,67,57.0,,0.57,38.19
2022-05-31,89,57.0,,0.57,50.73
