date,BTC_unscaled,BTC_monthly,isPartial,scale,BTC
2020-01-01,49,,,,
2020-01-02,59,,,,
2020-01-03,65,,,,
2020-01-04,52,,,,
2020-01-05,49,13.0,False,0.13,6.37
2020-01-06,66,13.0,,0.13,8.58
2020-01-07,85,13.0,,0.13,11.05
2020-01-08,100,13.0,,0.13,13.0
2020-01-09,68,13.0,,0.13,8.84
2020-01-10,67,13.0,,0.13,8.71
2020-01-11,61,13.0,,0.13,7.930000000000001
2020-01-12,53,14.0,False,0.14,7.420000000000001
2020-01-13,57,14.0,,0.14,7.98
2020-01-14,87,14.0,,0.14,12.180000000000001
2020-01-15,92,14.0,,0.14,12.88
2020-01-16,65,14.0,,0.14,9.100000000000001
2020-01-17,73,14.0,,0.14,10.22
2020-01-18,82,14.0,,0.14,11.48
2020-01-19,76,11.0,False,0.11,8.36
2020-01-20,64,11.0,,0.11,7.04
2020-01-21,60,11.0,,0.11,6.6
2020-01-22,56,11.0,,0.11,6.16
2020-01-23,63,11.0,,0.11,6.93
2020-01-24,52,11.0,,0.11,5.72
2020-01-25,50,11.0,,0.11,5.5
2020-01-26,52,12.0,False,0.12,6.24
2020-01-27,53,12.0,,0.12,6.359999999999999
2020-01-28,73,12.0,,0.12,8.76
2020-01-29,87,12.0,,0.12,10.44
2020-01-30,62,12.0,,0.12,7.4399999999999995
2020-01-31,77,12.0,,0.12,9.24
2020-02-01,67,12.0,,0.12,8.04
2020-02-02,67,14.0,False,0.14,9.38
2020-02-03,61,14.0,,0.14,8.540000000000001
2020-02-04,66,14.0,,0.14,9.24
2020-02-05,80,14.0,,0.14,11.200000000000001
2020-02-06,78,14.0,,0.14,10.920000000000002
2020-02-07,76,14.0,,0.14,10.64
2020-02-08,64,14.0,,0.14,8.96
2020-02-09,100,16.0,False,0.16,16.0
2020-02-10,79,16.0,,0.16,12.64
2020-02-11,88,16.0,,0.16,14.08
2020-02-12,95,16.0,,0.16,15.200000000000001
2020-02-13,89,16.0,,0.16,14.24
2020-02-14,66,16.0,,0.16,10.56
2020-02-15,73,16.0,,0.16,11.68
2020-02-16,73,14.0,False,0.14,10.22
2020-02-17,77,14.0,,0.14,10.780000000000001
2020-02-18,76,14.0,,0.14,10.64
2020-02-19,81,14.0,,0.14,11.340000000000002
2020-02-20,80,14.0,,0.14,11.200000000000001
2020-02-21,76,14.0,,0.14,10.64
2020-02-22,58,14.0,,0.14,8.120000000000001
2020-02-23,62,15.0,False,0.15,9.299999999999999
2020-02-24,81,15.0,,0.15,12.15
2020-02-25,75,15.0,,0.15,11.25
2020-02-26,90,15.0,,0.15,13.5
2020-02-27,89,15.0,,0.15,13.35
2020-02-28,86,15.0,,0.15,12.9
2020-02-29,68,15.0,,0.15,10.2
2020-03-01,27,12.0,False,0.12,3.2399999999999998
2020-03-02,27,12.0,,0.12,3.2399999999999998
2020-03-03,31,12.0,,0.12,3.7199999999999998
2020-03-04,26,12.0,,0.12,3.12
2020-03-05,26,12.0,,0.12,3.12
2020-03-06,25,12.0,,0.12,3.0
2020-03-07,25,12.0,,0.12,3.0
2020-03-08,30,24.0,False,0.24,7.199999999999999
2020-03-09,54,24.0,,0.24,12.959999999999999
2020-03-10,32,24.0,,0.24,7.68
2020-03-11,31,24.0,,0.24,7.4399999999999995
2020-03-12,74,24.0,,0.24,17.759999999999998
2020-03-13,100,24.0,,0.24,24.0
2020-03-14,74,24.0,,0.24,17.759999999999998
2020-03-15,40,22.0,False,0.22,8.8
2020-03-16,64,22.0,,0.22,14.08
2020-03-17,49,22.0,,0.22,10.78
2020-03-18,50,22.0,,0.22,11.0
2020-03-19,54,22.0,,0.22,11.88
2020-03-20,45,22.0,,0.22,9.9
2020-03-21,43,22.0,,0.22,9.46
2020-03-22,38,17.0,False,0.17,6.460000000000001
2020-03-23,41,17.0,,0.17,6.970000000000001
2020-03-24,51,17.0,,0.17,8.67
2020-03-25,40,17.0,,0.17,6.800000000000001
2020-03-26,36,17.0,,0.17,6.12
2020-03-27,33,17.0,,0.17,5.61
2020-03-28,33,17.0,,0.17,5.61
2020-03-29,26,13.0,False,0.13,3.38
2020-03-30,31,13.0,,0.13,4.03
2020-03-31,29,13.0,,0.13,3.77
2020-04-01,47,13.0,,0.13,6.11
2020-04-02,58,13.0,,0.13,7.54
2020-04-03,53,13.0,,0.13,6.890000000000001
2020-04-04,45,13.0,,0.13,5.8500000000000005
2020-04-05,53,15.0,False,0.15,7.949999999999999
2020-04-06,60,15.0,,0.15,9.0
2020-04-07,63,15.0,,0.15,9.45
2020-04-08,53,15.0,,0.15,7.949999999999999
2020-04-09,61,15.0,,0.15,9.15
2020-04-10,54,15.0,,0.15,8.1
2020-04-11,52,15.0,,0.15,7.8
2020-04-12,45,14.0,False,0.14,6.300000000000001
2020-04-13,55,14.0,,0.14,7.700000000000001
2020-04-14,51,14.0,,0.14,7.140000000000001
2020-04-15,50,14.0,,0.14,7.000000000000001
2020-04-16,66,14.0,,0.14,9.24
2020-04-17,49,14.0,,0.14,6.86
2020-04-18,50,14.0,,0.14,7.000000000000001
2020-04-19,56,14.0,False,0.14,7.840000000000001
2020-04-20,51,14.0,,0.14,7.140000000000001
2020-04-21,51,14.0,,0.14,7.140000000000001
2020-04-22,43,14.0,,0.14,6.0200000000000005
2020-04-23,62,14.0,,0.14,8.680000000000001
2020-04-24,55,14.0,,0.14,7.700000000000001
2020-04-25,43,14.0,,0.14,6.0200000000000005
2020-04-26,56,18.0,False,0.18,10.08
2020-04-27,56,18.0,,0.18,10.08
2020-04-28,50,18.0,,0.18,9.0
2020-04-29,85,18.0,,0.18,15.299999999999999
2020-04-30,100,18.0,,0.18,18.0
2020-05-01,59,18.0,,0.18,10.62
2020-05-02,48,18.0,,0.18,8.64
2020-05-03,50,20.0,False,0.2,10.0
2020-05-04,49,20.0,,0.2,9.8
2020-05-05,46,20.0,,0.2,9.200000000000001
2020-05-06,52,20.0,,0.2,10.4
2020-05-07,69,20.0,,0.2,13.8
2020-05-08,72,20.0,,0.2,14.4
2020-05-09,68,20.0,,0.2,13.600000000000001
2020-05-10,100,23.0,False,0.23,23.0
2020-05-11,98,23.0,,0.23,22.540000000000003
2020-05-12,73,23.0,,0.23,16.79
2020-05-13,62,23.0,,0.23,14.26
2020-05-14,69,23.0,,0.23,15.870000000000001
2020-05-15,54,23.0,,0.23,12.42
2020-05-16,48,23.0,,0.23,11.040000000000001
2020-05-17,51,17.0,False,0.17,8.67
2020-05-18,55,17.0,,0.17,9.350000000000001
2020-05-19,47,17.0,,0.17,7.99
2020-05-20,59,17.0,,0.17,10.030000000000001
2020-05-21,54,17.0,,0.17,9.180000000000001
2020-05-22,44,17.0,,0.17,7.48
2020-05-23,37,17.0,,0.17,6.29
2020-05-24,45,16.0,False,0.16,7.2
2020-05-25,49,16.0,,0.16,7.84
2020-05-26,43,16.0,,0.16,6.88
2020-05-27,50,16.0,,0.16,8.0
2020-05-28,46,16.0,,0.16,7.36
2020-05-29,41,16.0,,0.16,6.5600000000000005
2020-05-30,41,16.0,,0.16,6.5600000000000005
2020-05-31,36,16.0,False,0.16,5.76
2020-06-01,66,16.0,,0.16,10.56
2020-06-02,100,16.0,,0.16,16.0
2020-06-03,75,16.0,,0.16,12.0
2020-06-04,79,16.0,,0.16,12.64
2020-06-05,69,16.0,,0.16,11.040000000000001
2020-06-06,55,16.0,,0.16,8.8
2020-06-07,56,15.0,False,0.15,8.4
2020-06-08,59,15.0,,0.15,8.85
2020-06-09,70,15.0,,0.15,10.5
2020-06-10,75,15.0,,0.15,11.25
2020-06-11,70,15.0,,0.15,10.5
2020-06-12,64,15.0,,0.15,9.6
2020-06-13,50,15.0,,0.15,7.5
2020-06-14,70,13.0,False,0.13,9.1
2020-06-15,66,13.0,,0.13,8.58
2020-06-16,56,13.0,,0.13,7.28
2020-06-17,56,13.0,,0.13,7.28
2020-06-18,57,13.0,,0.13,7.41
2020-06-19,56,13.0,,0.13,7.28
2020-06-20,45,13.0,,0.13,5.8500000000000005
2020-06-21,44,12.0,False,0.12,5.279999999999999
2020-06-22,59,12.0,,0.12,7.08
2020-06-23,56,12.0,,0.12,6.72
2020-06-24,57,12.0,,0.12,6.84
2020-06-25,52,12.0,,0.12,6.24
2020-06-26,59,12.0,,0.12,7.08
2020-06-27,51,12.0,,0.12,6.12
2020-06-28,52,12.0,False,0.12,6.24
2020-06-29,55,12.0,,0.12,6.6
2020-06-30,50,12.0,,0.12,6.0
2020-07-01,36,12.0,,0.12,4.32
2020-07-02,41,12.0,,0.12,4.92
2020-07-03,34,12.0,,0.12,4.08
2020-07-04,32,12.0,,0.12,3.84
2020-07-05,29,13.0,False,0.13,3.77
2020-07-06,40,13.0,,0.13,5.2
2020-07-07,38,13.0,,0.13,4.94
2020-07-08,43,13.0,,0.13,5.59
2020-07-09,46,13.0,,0.13,5.98
2020-07-10,40,13.0,,0.13,5.2
2020-07-11,34,13.0,,0.13,4.42
2020-07-12,34,13.0,False,0.13,4.42
2020-07-13,39,13.0,,0.13,5.07
2020-07-14,35,13.0,,0.13,4.55
2020-07-15,55,13.0,,0.13,7.15
2020-07-16,48,13.0,,0.13,6.24
2020-07-17,39,13.0,,0.13,5.07
2020-07-18,31,13.0,,0.13,4.03
2020-07-19,29,12.0,False,0.12,3.48
2020-07-20,36,12.0,,0.12,4.32
2020-07-21,42,12.0,,0.12,5.04
2020-07-22,36,12.0,,0.12,4.32
2020-07-23,42,12.0,,0.12,5.04
2020-07-24,38,12.0,,0.12,4.56
2020-07-25,33,12.0,,0.12,3.96
2020-07-26,50,23.0,False,0.23,11.5
2020-07-27,100,23.0,,0.23,23.0
2020-07-28,91,23.0,,0.23,20.93
2020-07-29,68,23.0,,0.23,15.64
2020-07-30,61,23.0,,0.23,14.030000000000001
2020-07-31,60,23.0,,0.23,13.8
2020-08-01,89,23.0,,0.23,20.470000000000002
2020-08-02,100,20.0,False,0.2,20.0
2020-08-03,79,20.0,,0.2,15.8
2020-08-04,67,20.0,,0.2,13.4
2020-08-05,69,20.0,,0.2,13.8
2020-08-06,69,20.0,,0.2,13.8
2020-08-07,73,20.0,,0.2,14.600000000000001
2020-08-08,53,20.0,,0.2,10.600000000000001
2020-08-09,59,18.0,False,0.18,10.62
2020-08-10,76,18.0,,0.18,13.68
2020-08-11,70,18.0,,0.18,12.6
2020-08-12,63,18.0,,0.18,11.34
2020-08-13,65,18.0,,0.18,11.7
2020-08-14,57,18.0,,0.18,10.26
2020-08-15,58,18.0,,0.18,10.44
2020-08-16,58,18.0,False,0.18,10.44
2020-08-17,77,18.0,,0.18,13.86
2020-08-18,72,18.0,,0.18,12.959999999999999
2020-08-19,67,18.0,,0.18,12.059999999999999
2020-08-20,57,18.0,,0.18,10.26
2020-08-21,61,18.0,,0.18,10.98
2020-08-22,45,18.0,,0.18,8.1
2020-08-23,39,13.0,False,0.13,5.07
2020-08-24,51,13.0,,0.13,6.63
2020-08-25,53,13.0,,0.13,6.890000000000001
2020-08-26,52,13.0,,0.13,6.76
2020-08-27,45,13.0,,0.13,5.8500000000000005
2020-08-28,46,13.0,,0.13,5.98
2020-08-29,38,13.0,,0.13,4.94
2020-08-30,40,16.0,False,0.16,6.4
2020-08-31,46,16.0,,0.16,7.36
2020-09-01,78,16.0,,0.16,12.48
2020-09-02,79,16.0,,0.16,12.64
2020-09-03,84,16.0,,0.16,13.44
2020-09-04,100,16.0,,0.16,16.0
2020-09-05,82,16.0,,0.16,13.120000000000001
2020-09-06,74,13.0,False,0.13,9.620000000000001
2020-09-07,73,13.0,,0.13,9.49
2020-09-08,74,13.0,,0.13,9.620000000000001
2020-09-09,66,13.0,,0.13,8.58
2020-09-10,58,13.0,,0.13,7.54
2020-09-11,55,13.0,,0.13,7.15
2020-09-12,50,13.0,,0.13,6.5
2020-09-13,46,12.0,False,0.12,5.52
2020-09-14,60,12.0,,0.12,7.199999999999999
2020-09-15,67,12.0,,0.12,8.04
2020-09-16,62,12.0,,0.12,7.4399999999999995
2020-09-17,67,12.0,,0.12,8.04
2020-09-18,58,12.0,,0.12,6.96
2020-09-19,45,12.0,,0.12,5.3999999999999995
2020-09-20,53,10.0,False,0.1,5.300000000000001
2020-09-21,57,10.0,,0.1,5.7
2020-09-22,57,10.0,,0.1,5.7
2020-09-23,56,10.0,,0.1,5.6000000000000005
2020-09-24,57,10.0,,0.1,5.7
2020-09-25,51,10.0,,0.1,5.1000000000000005
2020-09-26,43,10.0,,0.1,4.3
2020-09-27,45,10.0,False,0.1,4.5
2020-09-28,49,10.0,,0.1,4.9
2020-09-29,50,10.0,,0.1,5.0
2020-09-30,51,10.0,,0.1,5.1000000000000005
2020-10-01,38,10.0,,0.1,3.8000000000000003
2020-10-02,43,10.0,,0.1,4.3
2020-10-03,39,10.0,,0.1,3.9000000000000004
2020-10-04,30,11.0,False,0.11,3.3
2020-10-05,38,11.0,,0.11,4.18
2020-10-06,38,11.0,,0.11,4.18
2020-10-07,36,11.0,,0.11,3.96
2020-10-08,43,11.0,,0.11,4.73
2020-10-09,46,11.0,,0.11,5.06
2020-10-10,46,11.0,,0.11,5.06
2020-10-11,36,11.0,False,0.11,3.96
2020-10-12,44,11.0,,0.11,4.84
2020-10-13,45,11.0,,0.11,4.95
2020-10-14,44,11.0,,0.11,4.84
2020-10-15,35,11.0,,0.11,3.85
2020-10-16,43,11.0,,0.11,4.73
2020-10-17,34,11.0,,0.11,3.74
2020-10-18,35,18.0,False,0.18,6.3
2020-10-19,50,18.0,,0.18,9.0
2020-10-20,55,18.0,,0.18,9.9
2020-10-21,100,18.0,,0.18,18.0
2020-10-22,93,18.0,,0.18,16.74
2020-10-23,68,18.0,,0.18,12.24
2020-10-24,57,18.0,,0.18,10.26
2020-10-25,64,20.0,False,0.2,12.8
2020-10-26,65,20.0,,0.2,13.0
2020-10-27,83,20.0,,0.2,16.6
2020-10-28,90,20.0,,0.2,18.0
2020-10-29,79,20.0,,0.2,15.8
2020-10-30,64,20.0,,0.2,12.8
2020-10-31,65,20.0,,0.2,13.0
2020-11-01,37,19.0,False,0.19,7.03
2020-11-02,37,19.0,,0.19,7.03
2020-11-03,40,19.0,,0.19,7.6
2020-11-04,31,19.0,,0.19,5.89
2020-11-05,50,19.0,,0.19,9.5
2020-11-06,53,19.0,,0.19,10.07
2020-11-07,45,19.0,,0.19,8.55
2020-11-08,39,20.0,False,0.2,7.800000000000001
2020-11-09,46,20.0,,0.2,9.200000000000001
2020-11-10,39,20.0,,0.2,7.800000000000001
2020-11-11,40,20.0,,0.2,8.0
2020-11-12,45,20.0,,0.2,9.0
2020-11-13,58,20.0,,0.2,11.600000000000001
2020-11-14,43,20.0,,0.2,8.6
2020-11-15,38,31.0,False,0.31,11.78
2020-11-16,59,31.0,,0.31,18.29
2020-11-17,81,31.0,,0.31,25.11
2020-11-18,93,31.0,,0.31,28.83
2020-11-19,66,31.0,,0.31,20.46
2020-11-20,75,31.0,,0.31,23.25
2020-11-21,77,31.0,,0.31,23.87
2020-11-22,67,33.0,False,0.33,22.11
2020-11-23,72,33.0,,0.33,23.76
2020-11-24,85,33.0,,0.33,28.05
2020-11-25,77,33.0,,0.33,25.41
2020-11-26,100,33.0,,0.33,33.0
2020-11-27,77,33.0,,0.33,25.41
2020-11-28,55,33.0,,0.33,18.150000000000002
2020-11-29,55,29.0,False,0.29,15.95
2020-11-30,84,29.0,,0.29,24.36
2020-12-01,51,29.0,,0.29,14.79
2020-12-02,34,29.0,,0.29,9.86
2020-12-03,39,29.0,,0.29,11.309999999999999
2020-12-04,37,29.0,,0.29,10.729999999999999
2020-12-05,29,29.0,,0.29,8.41
2020-12-06,29,22.0,False,0.22,6.38
2020-12-07,29,22.0,,0.22,6.38
2020-12-08,30,22.0,,0.22,6.6
2020-12-09,32,22.0,,0.22,7.04
2020-12-10,27,22.0,,0.22,5.94
2020-12-11,31,22.0,,0.22,6.82
2020-12-12,27,22.0,,0.22,5.94
2020-12-13,27,38.0,False,0.38,10.26
2020-12-14,29,38.0,,0.38,11.02
2020-12-15,31,38.0,,0.38,11.78
2020-12-16,65,38.0,,0.38,24.7
2020-12-17,100,38.0,,0.38,38.0
2020-12-18,60,38.0,,0.38,22.8
2020-12-19,50,38.0,,0.38,19.0
2020-12-20,47,35.0,False,0.35,16.45
2020-12-21,56,35.0,,0.35,19.599999999999998
2020-12-22,44,35.0,,0.35,15.399999999999999
2020-12-23,45,35.0,,0.35,15.749999999999998
2020-12-24,37,35.0,,0.35,12.95
2020-12-25,41,35.0,,0.35,14.35
2020-12-26,63,35.0,,0.35,22.049999999999997
2020-12-27,78,57.0,False,0.57,44.459999999999994
2020-12-28,60,57.0,,0.57,34.199999999999996
2020-12-29,53,57.0,,0.57,30.209999999999997
2020-12-30,65,57.0,,0.57,37.05
2020-12-31,59,57.0,,0.57,33.629999999999995
2021-01-01,30,57.0,,0.57,17.099999999999998
2021-01-02,62,57.0,,0.57,35.339999999999996
2021-01-03,67,92.0,False,0.92,61.64
2021-01-04,55,92.0,,0.92,50.6
2021-01-05,45,92.0,,0.92,41.4
2021-01-06,49,92.0,,0.92,45.080000000000005
2021-01-07,81,92.0,,0.92,74.52000000000001
2021-01-08,75,92.0,,0.92,69.0
2021-01-09,48,92.0,,0.92,44.160000000000004
2021-01-10,51,87.0,False,0.87,44.37
2021-01-11,100,87.0,,0.87,87.0
2021-01-12,64,87.0,,0.87,55.68
2021-01-13,50,87.0,,0.87,43.5
2021-01-14,49,87.0,,0.87,42.63
2021-01-15,45,87.0,,0.87,39.15
2021-01-16,33,87.0,,0.87,28.71
2021-01-17,33,54.0,False,0.54,17.82
2021-01-18,33,54.0,,0.54,17.82
2021-01-19,30,54.0,,0.54,16.200000000000003
2021-01-20,33,54.0,,0.54,17.82
2021-01-21,44,54.0,,0.54,23.76
2021-01-22,54,54.0,,0.54,29.160000000000004
2021-01-23,28,54.0,,0.54,15.120000000000001
2021-01-24,24,48.0,False,0.48,11.52
2021-01-25,30,48.0,,0.48,14.399999999999999
2021-01-26,26,48.0,,0.48,12.48
2021-01-27,33,48.0,,0.48,15.84
2021-01-28,32,48.0,,0.48,15.36
2021-01-29,55,48.0,,0.48,26.4
2021-01-30,32,48.0,,0.48,15.36
2021-01-31,28,40.0,False,0.4,11.200000000000001
2021-02-01,36,40.0,,0.4,14.4
2021-02-02,36,40.0,,0.4,14.4
2021-02-03,39,40.0,,0.4,15.600000000000001
2021-02-04,38,40.0,,0.4,15.200000000000001
2021-02-05,34,40.0,,0.4,13.600000000000001
2021-02-06,42,40.0,,0.4,16.8
2021-02-07,37,76.0,False,0.76,28.12
2021-02-08,86,76.0,,0.76,65.36
2021-02-09,94,76.0,,0.76,71.44
2021-02-10,60,76.0,,0.76,45.6
2021-02-11,58,76.0,,0.76,44.08
2021-02-12,53,76.0,,0.76,40.28
2021-02-13,42,76.0,,0.76,31.92
2021-02-14,45,73.0,False,0.73,32.85
2021-02-15,52,73.0,,0.73,37.96
2021-02-16,61,73.0,,0.73,44.53
2021-02-17,68,73.0,,0.73,49.64
2021-02-18,59,73.0,,0.73,43.07
2021-02-19,66,73.0,,0.73,48.18
2021-02-20,69,73.0,,0.73,50.37
2021-02-21,60,85.0,False,0.85,51.0
2021-02-22,85,85.0,,0.85,72.25
2021-02-23,100,85.0,,0.85,85.0
2021-02-24,70,85.0,,0.85,59.5
2021-02-25,55,85.0,,0.85,46.75
2021-02-26,59,85.0,,0.85,50.15
2021-02-27,42,85.0,,0.85,35.699999999999996
2021-02-28,58,56.0,False,0.56,32.480000000000004
2021-03-01,96,56.0,,0.56,53.760000000000005
2021-03-02,85,56.0,,0.56,47.6
2021-03-03,76,56.0,,0.56,42.56
2021-03-04,79,56.0,,0.56,44.24
2021-03-05,68,56.0,,0.56,38.080000000000005
2021-03-06,57,56.0,,0.56,31.92
2021-03-07,63,54.0,False,0.54,34.02
2021-03-08,72,54.0,,0.54,38.88
2021-03-09,90,54.0,,0.54,48.6
2021-03-10,85,54.0,,0.54,45.900000000000006
2021-03-11,80,54.0,,0.54,43.2
2021-03-12,79,54.0,,0.54,42.660000000000004
2021-03-13,100,54.0,,0.54,54.0
2021-03-14,95,55.0,False,0.55,52.25000000000001
2021-03-15,90,55.0,,0.55,49.50000000000001
2021-03-16,81,55.0,,0.55,44.550000000000004
2021-03-17,80,55.0,,0.55,44.0
2021-03-18,78,55.0,,0.55,42.900000000000006
2021-03-19,62,55.0,,0.55,34.1
2021-03-20,57,55.0,,0.55,31.35
2021-03-21,57,42.0,False,0.42,23.939999999999998
2021-03-22,67,42.0,,0.42,28.14
2021-03-23,66,42.0,,0.42,27.72
2021-03-24,72,42.0,,0.42,30.24
2021-03-25,85,42.0,,0.42,35.699999999999996
2021-03-26,66,42.0,,0.42,27.72
2021-03-27,56,42.0,,0.42,23.52
2021-03-28,54,36.0,False,0.36,19.439999999999998
2021-03-29,61,36.0,,0.36,21.96
2021-03-30,68,36.0,,0.36,24.48
2021-03-31,60,36.0,,0.36,21.599999999999998
2021-04-01,43,36.0,,0.36,15.479999999999999
2021-04-02,46,36.0,,0.36,16.56
2021-04-03,38,36.0,,0.36,13.68
2021-04-04,38,33.0,False,0.33,12.540000000000001
2021-04-05,45,33.0,,0.33,14.850000000000001
2021-04-06,40,33.0,,0.33,13.200000000000001
2021-04-07,40,33.0,,0.33,13.200000000000001
2021-04-08,39,33.0,,0.33,12.870000000000001
2021-04-09,35,33.0,,0.33,11.55
2021-04-10,43,33.0,,0.33,14.190000000000001
2021-04-11,38,48.0,False,0.48,18.24
2021-04-12,44,48.0,,0.48,21.119999999999997
2021-04-13,63,48.0,,0.48,30.24
2021-04-14,72,48.0,,0.48,34.56
2021-04-15,57,48.0,,0.48,27.36
2021-04-16,61,48.0,,0.48,29.279999999999998
2021-04-17,48,48.0,,0.48,23.04
2021-04-18,100,70.0,False,0.7,70.0
2021-04-19,78,70.0,,0.7,54.599999999999994
2021-04-20,65,70.0,,0.7,45.5
2021-04-21,52,70.0,,0.7,36.4
2021-04-22,62,70.0,,0.7,43.4
2021-04-23,93,70.0,,0.7,65.1
2021-04-24,59,70.0,,0.7,41.3
2021-04-25,52,42.0,False,0.42,21.84
2021-04-26,69,42.0,,0.42,28.98
2021-04-27,51,42.0,,0.42,21.419999999999998
2021-04-28,48,42.0,,0.42,20.16
2021-04-29,42,42.0,,0.42,17.64
2021-04-30,39,42.0,,0.42,16.38
2021-05-01,24,42.0,,0.42,10.08
2021-05-02,20,34.0,False,0.34,6.800000000000001
2021-05-03,24,34.0,,0.34,8.16
2021-05-04,24,34.0,,0.34,8.16
2021-05-05,23,34.0,,0.34,7.82
2021-05-06,22,34.0,,0.34,7.48
2021-05-07,22,34.0,,0.34,7.48
2021-05-08,23,34.0,,0.34,7.82
2021-05-09,24,55.0,False,0.55,13.200000000000001
2021-05-10,25,55.0,,0.55,13.750000000000002
2021-05-11,23,55.0,,0.55,12.65
2021-05-12,27,55.0,,0.55,14.850000000000001
2021-05-13,63,55.0,,0.55,34.650000000000006
2021-05-14,31,55.0,,0.55,17.05
2021-05-15,26,55.0,,0.55,14.3
2021-05-16,31,100.0,False,1.0,31.0
2021-05-17,53,100.0,,1.0,53.0
2021-05-18,35,100.0,,1.0,35.0
2021-05-19,100,100.0,,1.0,100.0
2021-05-20,66,100.0,,1.0,66.0
2021-05-21,52,100.0,,1.0,52.0
2021-05-22,40,100.0,,1.0,40.0
2021-05-23,54,66.0,False,0.66,35.64
2021-05-24,57,66.0,,0.66,37.620000000000005
2021-05-25,39,66.0,,0.66,25.740000000000002
2021-05-26,33,66.0,,0.66,21.78
2021-05-27,26,66.0,,0.66,17.16
2021-05-28,26,66.0,,0.66,17.16
2021-05-29,28,66.0,,0.66,18.48
2021-05-30,26,39.0,False,0.39,10.14
2021-05-31,28,39.0,,0.39,10.92
2021-06-01,53,39.0,,0.39,20.67
2021-06-02,50,39.0,,0.39,19.5
2021-06-03,47,39.0,,0.39,18.330000000000002
2021-06-04,56,39.0,,0.39,21.84
2021-06-05,49,39.0,,0.39,19.11
2021-06-06,43,41.0,False,0.41,17.63
2021-06-07,48,41.0,,0.41,19.68
2021-06-08,79,41.0,,0.41,32.39
2021-06-09,65,41.0,,0.41,26.65
2021-06-10,53,41.0,,0.41,21.73
2021-06-11,42,41.0,,0.41,17.22
2021-06-12,36,41.0,,0.41,14.76
2021-06-13,42,32.0,False,0.32,13.44
2021-06-14,55,32.0,,0.32,17.6
2021-06-15,42,32.0,,0.32,13.44
2021-06-16,40,32.0,,0.32,12.8
2021-06-17,39,32.0,,0.32,12.48
2021-06-18,38,32.0,,0.32,12.16
2021-06-19,33,32.0,,0.32,10.56
2021-06-20,38,45.0,False,0.45,17.1
2021-06-21,67,45.0,,0.45,30.150000000000002
2021-06-22,100,45.0,,0.45,45.0
2021-06-23,63,45.0,,0.45,28.35
2021-06-24,45,45.0,,0.45,20.25
2021-06-25,47,45.0,,0.45,21.150000000000002
2021-06-26,42,45.0,,0.45,18.900000000000002
2021-06-27,39,28.0,False,0.28,10.920000000000002
2021-06-28,46,28.0,,0.28,12.88
2021-06-29,40,28.0,,0.28,11.200000000000001
2021-06-30,34,28.0,,0.28,9.520000000000001
2021-07-01,46,28.0,,0.28,12.88
2021-07-02,41,28.0,,0.28,11.48
2021-07-03,36,28.0,,0.28,10.080000000000002
2021-07-04,37,24.0,False,0.24,8.879999999999999
2021-07-05,37,24.0,,0.24,8.879999999999999
2021-07-06,39,24.0,,0.24,9.36
2021-07-07,35,24.0,,0.24,8.4
2021-07-08,41,24.0,,0.24,9.84
2021-07-09,39,24.0,,0.24,9.36
2021-07-10,30,24.0,,0.24,7.199999999999999
2021-07-11,31,24.0,False,0.24,7.4399999999999995
2021-07-12,37,24.0,,0.24,8.879999999999999
2021-07-13,41,24.0,,0.24,9.84
2021-07-14,41,24.0,,0.24,9.84
2021-07-15,41,24.0,,0.24,9.84
2021-07-16,38,24.0,,0.24,9.12
2021-07-17,35,24.0,,0.24,8.4
2021-07-18,35,29.0,False,0.29,10.149999999999999
2021-07-19,42,29.0,,0.29,12.18
2021-07-20,66,29.0,,0.29,19.139999999999997
2021-07-21,52,29.0,,0.29,15.079999999999998
2021-07-22,44,29.0,,0.29,12.76
2021-07-23,39,29.0,,0.29,11.309999999999999
2021-07-24,41,29.0,,0.29,11.889999999999999
2021-07-25,48,36.0,False,0.36,17.28
2021-07-26,100,36.0,,0.36,36.0
2021-07-27,62,36.0,,0.36,22.32
2021-07-28,60,36.0,,0.36,21.599999999999998
2021-07-29,46,36.0,,0.36,16.56
2021-07-30,42,36.0,,0.36,15.12
2021-07-31,48,36.0,,0.36,17.28
2021-08-01,75,28.0,False,0.28,21.000000000000004
2021-08-02,79,28.0,,0.28,22.12
2021-08-03,71,28.0,,0.28,19.880000000000003
2021-08-04,66,28.0,,0.28,18.48
2021-08-05,67,28.0,,0.28,18.76
2021-08-06,82,28.0,,0.28,22.96
2021-08-07,83,28.0,,0.28,23.240000000000002
2021-08-08,89,32.0,False,0.32,28.48
2021-08-09,100,32.0,,0.32,32.0
2021-08-10,95,32.0,,0.32,30.400000000000002
2021-08-11,89,32.0,,0.32,28.48
2021-08-12,81,32.0,,0.32,25.92
2021-08-13,77,32.0,,0.32,24.64
2021-08-14,80,32.0,,0.32,25.6
2021-08-15,69,26.0,False,0.26,17.94
2021-08-16,73,26.0,,0.26,18.98
2021-08-17,69,26.0,,0.26,17.94
2021-08-18,62,26.0,,0.26,16.12
2021-08-19,64,26.0,,0.26,16.64
2021-08-20,78,26.0,,0.26,20.28
2021-08-21,72,26.0,,0.26,18.72
2021-08-22,70,29.0,False,0.29,20.299999999999997
2021-08-23,97,29.0,,0.29,28.13
2021-08-24,79,29.0,,0.29,22.91
2021-08-25,69,29.0,,0.29,20.009999999999998
2021-08-26,74,29.0,,0.29,21.459999999999997
2021-08-27,65,29.0,,0.29,18.849999999999998
2021-08-28,61,29.0,,0.29,17.689999999999998
2021-08-29,53,24.0,False,0.24,12.719999999999999
2021-08-30,65,24.0,,0.24,15.6
2021-08-31,60,24.0,,0.24,14.399999999999999
2021-09-01,42,24.0,,0.24,10.08
2021-09-02,48,24.0,,0.24,11.52
2021-09-03,48,24.0,,0.24,11.52
2021-09-04,38,24.0,,0.24,9.12
2021-09-05,44,31.0,False,0.31,13.64
2021-09-06,49,31.0,,0.31,15.19
2021-09-07,100,31.0,,0.31,31.0
2021-09-08,63,31.0,,0.31,19.53
2021-09-09,54,31.0,,0.31,16.74
2021-09-10,49,31.0,,0.31,15.19
2021-09-11,38,31.0,,0.31,11.78
2021-09-12,35,22.0,False,0.22,7.7
2021-09-13,47,22.0,,0.22,10.34
2021-09-14,43,22.0,,0.22,9.46
2021-09-15,47,22.0,,0.22,10.34
2021-09-16,41,22.0,,0.22,9.02
2021-09-17,36,22.0,,0.22,7.92
2021-09-18,36,22.0,,0.22,7.92
2021-09-19,37,30.0,False,0.3,11.1
2021-09-20,63,30.0,,0.3,18.9
2021-09-21,66,30.0,,0.3,19.8
2021-09-22,52,30.0,,0.3,15.6
2021-09-23,41,30.0,,0.3,12.299999999999999
2021-09-24,80,30.0,,0.3,24.0
2021-09-25,47,30.0,,0.3,14.1
2021-09-26,37,24.0,False,0.24,8.879999999999999
2021-09-27,44,24.0,,0.24,10.559999999999999
2021-09-28,43,24.0,,0.24,10.32
2021-09-29,37,24.0,,0.24,8.879999999999999
2021-09-30,42,24.0,,0.24,10.08
2021-10-01,41,24.0,,0.24,9.84
2021-10-02,30,24.0,,0.24,7.199999999999999
2021-10-03,29,30.0,False,0.3,8.7
2021-10-04,34,30.0,,0.3,10.2
2021-10-05,43,30.0,,0.3,12.9
2021-10-06,55,30.0,,0.3,16.5
2021-10-07,47,30.0,,0.3,14.1
2021-10-08,40,30.0,,0.3,12.0
2021-10-09,31,30.0,,0.3,9.299999999999999
2021-10-10,32,33.0,False,0.33,10.56
2021-10-11,43,33.0,,0.33,14.190000000000001
2021-10-12,46,33.0,,0.33,15.180000000000001
2021-10-13,35,33.0,,0.33,11.55
2021-10-14,44,33.0,,0.33,14.520000000000001
2021-10-15,72,33.0,,0.33,23.76
2021-10-16,51,33.0,,0.33,16.830000000000002
2021-10-17,42,48.0,False,0.48,20.16
2021-10-18,55,48.0,,0.48,26.4
2021-10-19,72,48.0,,0.48,34.56
2021-10-20,100,48.0,,0.48,48.0
2021-10-21,73,48.0,,0.48,35.04
2021-10-22,52,48.0,,0.48,24.96
2021-10-23,42,48.0,,0.48,20.16
2021-10-24,35,32.0,False,0.32,11.200000000000001
2021-10-25,46,32.0,,0.32,14.72
2021-10-26,45,32.0,,0.32,14.4
2021-10-27,48,32.0,,0.32,15.36
2021-10-28,50,32.0,,0.32,16.0
2021-10-29,44,32.0,,0.32,14.08
2021-10-30,33,32.0,,0.32,10.56
2021-10-31,37,28.0,False,0.28,10.360000000000001
2021-11-01,70,28.0,,0.28,19.6
2021-11-02,67,28.0,,0.28,18.76
2021-11-03,63,28.0,,0.28,17.64
2021-11-04,61,28.0,,0.28,17.080000000000002
2021-11-05,59,28.0,,0.28,16.520000000000003
2021-11-06,53,28.0,,0.28,14.840000000000002
2021-11-07,50,33.0,False,0.33,16.5
2021-11-08,89,33.0,,0.33,29.37
2021-11-09,100,33.0,,0.33,33.0
2021-11-10,87,33.0,,0.33,28.71
2021-11-11,71,33.0,,0.33,23.43
2021-11-12,74,33.0,,0.33,24.42
2021-11-13,55,33.0,,0.33,18.150000000000002
2021-11-14,57,32.0,False,0.32,18.240000000000002
2021-11-15,58,32.0,,0.32,18.56
2021-11-16,90,32.0,,0.32,28.8
2021-11-17,80,32.0,,0.32,25.6
2021-11-18,81,32.0,,0.32,25.92
2021-11-19,83,32.0,,0.32,26.560000000000002
2021-11-20,61,32.0,,0.32,19.52
2021-11-21,55,29.0,False,0.29,15.95
2021-11-22,69,29.0,,0.29,20.009999999999998
2021-11-23,68,29.0,,0.29,19.72
2021-11-24,57,29.0,,0.29,16.529999999999998
2021-11-25,57,29.0,,0.29,16.529999999999998
2021-11-26,84,29.0,,0.29,24.36
2021-11-27,66,29.0,,0.29,19.139999999999997
2021-11-28,60,33.0,False,0.33,19.8
2021-11-29,74,33.0,,0.33,24.42
2021-11-30,63,33.0,,0.33,20.790000000000003
2021-12-01,41,33.0,,0.33,13.530000000000001
2021-12-02,34,33.0,,0.33,11.22
2021-12-03,42,33.0,,0.33,13.860000000000001
2021-12-04,100,33.0,,0.33,33.0
2021-12-05,67,35.0,False,0.35,23.45
2021-12-06,63,35.0,,0.35,22.049999999999997
2021-12-07,48,35.0,,0.35,16.799999999999997
2021-12-08,44,35.0,,0.35,15.399999999999999
2021-12-09,47,35.0,,0.35,16.45
2021-12-10,42,35.0,,0.35,14.7
2021-12-11,38,35.0,,0.35,13.299999999999999
2021-12-12,31,31.0,False,0.31,9.61
2021-12-13,49,31.0,,0.31,15.19
2021-12-14,56,31.0,,0.31,17.36
2021-12-15,46,31.0,,0.31,14.26
2021-12-16,43,31.0,,0.31,13.33
2021-12-17,42,31.0,,0.31,13.02
2021-12-18,37,31.0,,0.31,11.47
2021-12-19,33,28.0,False,0.28,9.24
2021-12-20,41,28.0,,0.28,11.48
2021-12-21,41,28.0,,0.28,11.48
2021-12-22,41,28.0,,0.28,11.48
2021-12-23,37,28.0,,0.28,10.360000000000001
2021-12-24,40,28.0,,0.28,11.200000000000001
2021-12-25,34,28.0,,0.28,9.520000000000001
2021-12-26,32,27.0,False,0.27,8.64
2021-12-27,38,27.0,,0.27,10.260000000000002
2021-12-28,41,27.0,,0.27,11.07
2021-12-29,41,27.0,,0.27,11.07
2021-12-30,36,27.0,,0.27,9.72
2021-12-31,33,27.0,,0.27,8.91
2022-01-01,32,27.0,,0.27,8.64
2022-01-02,31,32.0,False,0.32,9.92
2022-01-03,34,32.0,,0.32,10.88
2022-01-04,33,32.0,,0.32,10.56
2022-01-05,42,32.0,,0.32,13.44
2022-01-06,55,32.0,,0.32,17.6
2022-01-07,56,32.0,,0.32,17.92
2022-01-08,47,32.0,,0.32,15.040000000000001
2022-01-09,47,32.0,False,0.32,15.040000000000001
2022-01-10,51,32.0,,0.32,16.32
2022-01-11,51,32.0,,0.32,16.32
2022-01-12,40,32.0,,0.32,12.8
2022-01-13,36,32.0,,0.32,11.52
2022-01-14,33,32.0,,0.32,10.56
2022-01-15,29,32.0,,0.32,9.28
2022-01-16,30,35.0,False,0.35,10.5
2022-01-17,30,35.0,,0.35,10.5
2022-01-18,40,35.0,,0.35,14.0
2022-01-19,34,35.0,,0.35,11.899999999999999
2022-01-20,34,35.0,,0.35,11.899999999999999
2022-01-21,80,35.0,,0.35,28.0
2022-01-22,88,35.0,,0.35,30.799999999999997
2022-01-23,69,51.0,False,0.51,35.19
2022-01-24,100,51.0,,0.51,51.0
2022-01-25,67,51.0,,0.51,34.17
2022-01-26,56,51.0,,0.51,28.560000000000002
2022-01-27,49,51.0,,0.51,24.990000000000002
2022-01-28,46,51.0,,0.51,23.46
2022-01-29,40,51.0,,0.51,20.4
2022-01-30,35,31.0,False,0.31,10.85
2022-01-31,42,31.0,,0.31,13.02
2022-02-01,55,31.0,,0.31,17.05
2022-02-02,52,31.0,,0.31,16.12
2022-02-03,53,31.0,,0.31,16.43
2022-02-04,55,31.0,,0.31,17.05
2022-02-05,56,31.0,,0.31,17.36
2022-02-06,43,31.0,False,0.31,13.33
2022-02-07,60,31.0,,0.31,18.6
2022-02-08,60,31.0,,0.31,18.6
2022-02-09,54,31.0,,0.31,16.74
2022-02-10,58,31.0,,0.31,17.98
2022-02-11,53,31.0,,0.31,16.43
2022-02-12,41,31.0,,0.31,12.709999999999999
2022-02-13,45,27.0,False,0.27,12.15
2022-02-14,49,27.0,,0.27,13.23
2022-02-15,50,27.0,,0.27,13.5
2022-02-16,47,27.0,,0.27,12.690000000000001
2022-02-17,50,27.0,,0.27,13.5
2022-02-18,48,27.0,,0.27,12.96
2022-02-19,40,27.0,,0.27,10.8
2022-02-20,47,33.0,False,0.33,15.510000000000002
2022-02-21,55,33.0,,0.33,18.150000000000002
2022-02-22,62,33.0,,0.33,20.46
2022-02-23,47,33.0,,0.33,15.510000000000002
2022-02-24,100,33.0,,0.33,33.0
2022-02-25,57,33.0,,0.33,18.810000000000002
2022-02-26,45,33.0,,0.33,14.850000000000001
2022-02-27,43,31.0,False,0.31,13.33
2022-02-28,64,31.0,,0.31,19.84
2022-03-01,100,31.0,,0.31,31.0
2022-03-02,82,31.0,,0.31,25.419999999999998
2022-03-03,70,31.0,,0.31,21.7
2022-03-04,64,31.0,,0.31,19.84
2022-03-05,55,31.0,,0.31,17.05
2022-03-06,55,29.0,False,0.29,15.95
2022-03-07,72,29.0,,0.29,20.88
2022-03-08,80,29.0,,0.29,23.2
2022-03-09,90,29.0,,0.29,26.099999999999998
2022-03-10,70,29.0,,0.29,20.299999999999997
2022-03-11,67,29.0,,0.29,19.43
2022-03-12,53,29.0,,0.29,15.37
2022-03-13,52,24.0,False,0.24,12.48
2022-03-14,64,24.0,,0.24,15.36
2022-03-15,57,24.0,,0.24,13.68
2022-03-16,60,24.0,,0.24,14.399999999999999
2022-03-17,53,24.0,,0.24,12.719999999999999
2022-03-18,53,24.0,,0.24,12.719999999999999
2022-03-19,51,24.0,,0.24,12.24
2022-03-20,46,25.0,False,0.25,11.5
2022-03-21,52,25.0,,0.25,13.0
2022-03-22,67,25.0,,0.25,16.75
2022-03-23,53,25.0,,0.25,13.25
2022-03-24,64,25.0,,0.25,16.0
2022-03-25,62,25.0,,0.25,15.5
2022-03-26,50,25.0,,0.25,12.5
2022-03-27,62,26.0,False,0.26,16.12
2022-03-28,82,26.0,,0.26,21.32
2022-03-29,71,26.0,,0.26,18.46
2022-03-30,54,26.0,,0.26,14.040000000000001
2022-03-31,57,26.0,,0.26,14.82
2022-04-01,91,26.0,,0.26,23.66
2022-04-02,66,26.0,,0.26,17.16
2022-04-03,81,23.0,False,0.23,18.630000000000003
2022-04-04,87,23.0,,0.23,20.01
2022-04-05,84,23.0,,0.23,19.32
2022-04-06,94,23.0,,0.23,21.62
2022-04-07,80,23.0,,0.23,18.400000000000002
2022-04-08,83,23.0,,0.23,19.09
2022-04-09,72,23.0,,0.23,16.560000000000002
2022-04-10,66,23.0,False,0.23,15.180000000000001
2022-04-11,100,23.0,,0.23,23.0
2022-04-12,91,23.0,,0.23,20.93
2022-04-13,83,23.0,,0.23,19.09
2022-04-14,77,23.0,,0.23,17.71
2022-04-15,81,23.0,,0.23,18.630000000000003
2022-04-16,66,23.0,,0.23,15.180000000000001
2022-04-17,66,21.0,False,0.21,13.86
2022-04-18,81,21.0,,0.21,17.009999999999998
2022-04-19,84,21.0,,0.21,17.64
2022-04-20,68,21.0,,0.21,14.28
2022-04-21,75,21.0,,0.21,15.75
2022-04-22,82,21.0,,0.21,17.22
2022-04-23,67,21.0,,0.21,14.07
2022-04-24,66,23.0,False,0.23,15.180000000000001
2022-04-25,89,23.0,,0.23,20.470000000000002
2022-04-26,95,23.0,,0.23,21.85
2022-04-27,82,23.0,,0.23,18.86
2022-04-28,77,23.0,,0.23,17.71
2022-04-29,76,23.0,,0.23,17.48
2022-04-30,77,23.0,,0.23,17.71
2022-05-01,23,24.0,False,0.24,5.52
2022-05-02,22,24.0,,0.24,5.279999999999999
2022-05-03,21,24.0,,0.24,5.04
2022-05-04,22,24.0,,0.24,5.279999999999999
2022-05-05,32,24.0,,0.24,7.68
2022-05-06,28,24.0,,0.24,6.72
2022-05-07,22,24.0,,0.24,5.279999999999999
2022-05-08,32,67.0,False,0.67,21.44
2022-05-09,61,67.0,,0.67,40.870000000000005
2022-05-10,59,67.0,,0.67,39.53
2022-05-11,69,67.0,,0.67,46.230000000000004
2022-05-12,100,67.0,,0.67,67.0
2022-05-13,67,67.0,,0.67,44.89
2022-05-14,44,67.0,,0.67,29.48
2022-05-15,41,34.0,False,0.34,13.940000000000001
2022-05-16,40,34.0,,0.34,13.600000000000001
2022-05-17,39,34.0,,0.34,13.260000000000002
2022-05-18,39,34.0,,0.34,13.260000000000002
2022-05-19,33,34.0,,0.34,11.22
2022-05-20,35,34.0,,0.34,11.9
2022-05-21,29,34.0,,0.34,9.860000000000001
2022-05-22,27,28.0,False,0.28,7.5600000000000005
2022-05-23,29,28.0,,0.28,8.120000000000001
2022-05-24,34,28.0,,0.28,9.520000000000001
2022-05-25,25,28.0,,0.28,7.000000000000001
2022-05-26,29,28.0,,0.28,8.120000000000001
2022-05-27,28,28.0,,0.28,7.840000000000001
2022-05-28,25,28.0,,0.28,7.000000000000001
2022-05-29,22,27.0,True,0.27,5.94
2022-05-30,29,27.0,,0.27,7.83
2022-05-31,29,27.0,,0.27,7.83
