DATE,종가,오픈,고가,저가,거래량,변동 %
2022-06-03,12012.73,12097.12,12167.44,11966.62,837.59M,-2.47%
2022-06-02,12316.90,11945.57,12320.12,11901.45,916.66M,2.69%
2022-06-01,11994.46,12176.89,12237.93,11901.43,940.60M,-0.72%
2022-05-31,12081.39,12137.54,12190.08,11942.50,1.77B,-0.41%
2022-05-27,12131.13,11869.69,12131.66,11856.82,942.22M,3.33%
2022-05-26,11740.65,11409.84,11796.97,11406.16,930.42M,2.68%
2022-05-25,11434.74,11225.03,11511.90,11211.85,907.18M,1.51%
2022-05-24,11264.45,11326.44,11351.61,11092.48,924.23M,-2.35%
2022-05-23,11535.27,11396.28,11552.07,11304.56,889.21M,1.59%
2022-05-20,11354.62,11542.67,11552.21,11035.69,1.20B,-0.30%
2022-05-19,11388.50,11364.40,11562.82,11313.31,1.05B,-0.26%
2022-05-18,11418.15,11790.68,11826.22,11381.69,1.03B,-4.73%
2022-05-17,11984.52,11905.57,11988.43,11754.28,1.02B,2.76%
2022-05-16,11662.79,11727.14,11804.59,11627.53,978.06M,-1.20%
2022-05-13,11805.00,11555.98,11856.71,11510.25,1.23B,3.82%
2022-05-12,11370.96,11199.25,11547.33,11108.76,1.40B,0.06%
2022-05-11,11364.24,11645.57,11844.50,11339.18,1.27B,-3.18%
2022-05-10,11737.67,11900.34,11944.94,11566.28,1.28B,0.98%
2022-05-09,11623.25,11923.03,11990.61,11574.94,1.24B,-4.29%
2022-05-06,12144.66,12246.83,12358.42,11990.15,1.09B,-1.40%
2022-05-05,12317.69,12787.52,12787.52,12183.56,1.10B,-4.99%
2022-05-04,12964.86,12574.73,12985.01,12367.02,1.11B,3.19%
2022-05-03,12563.76,12511.46,12645.83,12460.99,897.83M,0.22%
2022-05-02,12536.02,12331.69,12542.54,12202.41,1.04B,1.63%
2022-04-29,12334.64,12710.42,12861.83,12315.74,1.09B,-4.17%
2022-04-28,12871.53,12712.86,12948.52,12487.86,1.01B,3.06%
2022-04-27,12488.93,12500.88,12703.79,12430.90,942.84M,-0.01%
2022-04-26,12490.74,12918.04,12918.04,12490.74,1.02B,-3.95%
2022-04-25,13004.85,12749.17,13011.45,12722.59,988.04M,1.29%
2022-04-22,12839.29,13168.80,13212.60,12828.02,950.70M,-2.55%
2022-04-21,13174.65,13623.70,13710.69,13140.83,993.83M,-2.07%
2022-04-20,13453.07,13665.38,13678.55,13426.12,871.26M,-1.22%
2022-04-19,13619.66,13312.44,13643.97,13281.22,855.29M,2.15%
2022-04-18,13332.36,13319.39,13414.27,13222.03,832.41M,-0.14%
2022-04-14,13351.08,13647.42,13662.93,13345.22,927.38M,-2.14%
2022-04-13,13643.59,13373.12,13679.43,13353.66,910.79M,2.03%
2022-04-12,13371.57,13584.69,13685.95,13317.74,902.42M,-0.30%
2022-04-11,13411.96,13547.29,13585.08,13401.39,991.30M,-2.18%
2022-04-08,13711.00,13830.47,13866.06,13693.69,858.45M,-1.34%
2022-04-07,13897.30,13861.49,13978.25,13689.23,931.35M,0.06%
2022-04-06,13888.82,14002.58,14032.84,13788.90,1.09B,-2.22%
2022-04-05,14204.17,14490.26,14500.29,14169.12,930.40M,-2.26%
2022-04-04,14532.55,14304.35,14534.38,14286.45,915.41M,1.90%
2022-04-01,14261.50,14269.53,14306.94,14131.81,1.02B,0.29%
2022-03-31,14220.52,14444.78,14456.74,14217.73,1.10B,-1.54%
2022-03-30,14442.27,14558.59,14609.25,14383.45,1.01B,-1.21%
2022-03-29,14619.64,14500.39,14646.90,14419.40,1.09B,1.84%
2022-03-28,14354.90,14177.21,14356.00,14101.34,892.94M,1.31%
2022-03-25,14169.30,14194.72,14218.76,14010.79,941.78M,-0.16%
2022-03-24,14191.84,14001.32,14193.55,13897.20,916.74M,1.93%
2022-03-23,13922.60,13990.35,14152.14,13921.65,961.73M,-1.32%
2022-03-22,14108.82,13866.43,14141.07,13857.29,1.10B,1.95%
2022-03-21,13838.46,13860.39,13945.81,13682.55,1.14B,-0.40%
2022-03-18,13893.84,13564.63,13899.28,13528.06,2.85B,2.05%
2022-03-17,13614.78,13360.72,13620.80,13317.14,1.14B,1.33%
2022-03-16,13436.55,13119.36,13440.12,12992.20,1.41B,3.77%
2022-03-15,12948.62,12685.23,12973.88,12616.59,1.13B,2.92%
2022-03-14,12581.22,12795.12,12918.01,12555.35,1.21B,-2.04%
2022-03-11,12843.81,13229.77,13239.35,12830.37,1.02B,-2.18%
2022-03-10,13129.96,13098.35,13163.50,12946.28,961.59M,-0.95%
2022-03-09,13255.55,13113.70,13301.16,13039.79,1.12B,3.59%
2022-03-08,12795.55,12800.04,13159.44,12670.08,1.34B,-0.28%
2022-03-07,12830.96,13328.36,13353.28,12828.02,1.29B,-3.62%
2022-03-04,13313.44,13455.23,13486.71,13224.98,1.04B,-1.66%
2022-03-03,13537.94,13837.59,13837.59,13472.64,1.03B,-1.56%
2022-03-02,13752.02,13597.53,13796.55,13493.91,1.03B,1.62%
2022-03-01,13532.46,13716.70,13777.04,13441.32,1.24B,-1.59%
2022-02-28,13751.40,13570.83,13810.64,13549.90,1.39B,0.41%
2022-02-25,13694.62,13485.26,13696.86,13358.29,978.45M,1.64%
2022-02-24,13473.58,12587.88,13486.11,12587.88,1.38B,3.34%
2022-02-23,13037.49,13511.75,13533.78,13032.17,944.40M,-2.57%
2022-02-22,13381.52,13424.36,13618.72,13249.65,1.02B,-1.23%
2022-02-18,13548.07,13735.40,13762.40,13465.56,1.02B,-1.23%
2022-02-17,13716.72,14004.19,14020.82,13704.70,922.82M,-2.88%
2022-02-16,14124.09,14038.92,14163.73,13931.99,838.99M,-0.11%
2022-02-15,14139.76,13997.18,14142.49,13976.29,903.09M,2.53%
2022-02-14,13790.92,13768.97,13921.71,13664.76,936.80M,0.00%
2022-02-11,13791.15,14213.62,14246.70,13733.16,1.08B,-2.78%
2022-02-10,14185.64,14228.68,14509.56,14118.20,1.06B,-2.10%
2022-02-09,14490.37,14368.16,14490.72,14330.87,935.01M,2.08%
2022-02-08,14194.45,13984.43,14226.48,13934.78,865.50M,1.28%
2022-02-07,14015.67,14118.79,14236.31,13974.10,858.02M,-0.58%
2022-02-04,14098.01,13958.48,14222.76,13850.39,862.97M,1.58%
2022-02-03,13878.82,14045.83,14207.89,13851.75,945.51M,-3.74%
2022-02-02,14417.55,14494.47,14504.82,14264.65,1.00B,0.50%
2022-02-01,14346.00,14277.43,14358.69,14070.77,962.00M,0.75%
2022-01-31,14239.88,13812.19,14242.90,13767.71,1.24B,3.41%
2022-01-28,13770.57,13436.71,13771.91,13236.56,1.06B,3.13%
2022-01-27,13352.78,13710.99,13765.91,13322.66,1.07B,-1.40%
2022-01-26,13542.12,13871.77,14002.65,13392.19,1.18B,0.02%
2022-01-25,13539.30,13610.87,13781.62,13414.14,1.04B,-2.28%
2022-01-24,13855.13,13481.50,13876.61,13094.65,1.55B,0.63%
2022-01-21,13768.92,14046.22,14171.72,13764.24,1.32B,-2.72%
2022-01-20,14154.02,14462.85,14642.03,14140.78,1.02B,-1.30%
2022-01-19,14340.25,14582.22,14658.89,14331.65,935.06M,-1.15%
2022-01-18,14506.90,14681.83,14740.54,14482.94,1.06B,-2.60%
2022-01-14,14893.75,14708.02,14897.67,14689.43,872.56M,0.59%
2022-01-13,14806.81,15245.04,15259.71,14782.24,852.15M,-2.51%
2022-01-12,15188.39,15263.10,15319.03,15117.29,840.02M,0.23%
2022-01-11,15153.45,14919.26,15158.71,14837.64,863.02M,1.41%
2022-01-10,14942.83,14751.78,14953.85,14530.23,1.09B,0.05%
2022-01-07,14935.90,15095.72,15171.02,14877.63,852.53M,-0.96%
2022-01-06,15080.86,15024.15,15198.45,14914.87,951.12M,-0.13%
2022-01-05,15100.17,15547.16,15586.30,15095.18,1.01B,-3.34%
2022-01-04,15622.72,15852.14,15852.14,15512.41,970.70M,-1.33%
2022-01-03,15832.80,15732.50,15832.80,15644.09,871.65M,1.20%
2021-12-31,15644.97,15722.91,15777.43,15643.93,729.41M,-0.61%
2021-12-30,15741.56,15758.98,15868.09,15729.16,768.18M,-0.16%
2021-12-29,15766.22,15794.92,15821.81,15679.85,699.59M,-0.10%
2021-12-28,15781.72,15895.20,15901.47,15757.07,691.47M,-0.56%
2021-12-27,15871.26,15696.83,15871.40,15696.83,741.10M,1.39%
2021-12-23,15653.37,15544.79,15697.98,15528.91,746.13M,0.85%
2021-12-22,15521.89,15319.16,15525.97,15303.06,783.47M,1.18%
2021-12-21,15341.09,15140.43,15349.06,15015.02,976.83M,2.40%
2021-12-20,14980.94,14933.00,15007.30,14860.04,1.02B,-1.24%
2021-12-17,15169.68,15036.77,15288.78,14960.37,3.01B,-0.07%
2021-12-16,15180.43,15629.08,15633.19,15119.49,1.10B,-2.47%
2021-12-15,15565.58,15230.71,15575.76,15055.23,1.17B,2.15%
2021-12-14,15237.64,15215.96,15317.55,15097.35,1.03B,-1.14%
2021-12-13,15413.28,15621.27,15637.06,15408.25,996.25M,-1.39%
2021-12-10,15630.60,15629.59,15677.60,15477.85,875.08M,0.73%
2021-12-09,15517.37,15720.54,15796.05,15511.12,869.50M,-1.71%
2021-12-08,15786.99,15690.65,15792.64,15618.88,921.93M,0.64%
2021-12-07,15686.92,15510.91,15720.09,15507.66,1.06B,3.03%
2021-12-06,15225.15,15117.63,15281.99,14931.61,1.07B,0.93%
2021-12-03,15085.47,15428.71,15470.36,14931.06,1.20B,-1.92%
2021-12-02,15381.32,15181.82,15444.54,15150.12,1.10B,0.83%
2021-12-01,15254.05,15752.27,15816.82,15243.93,1.22B,-1.83%
2021-11-30,15537.69,15716.50,15828.20,15451.39,1.78B,-1.55%
2021-11-29,15782.83,15719.42,15833.11,15644.61,1.01B,1.88%
2021-11-26,15491.66,15664.38,15731.54,15456.09,781.49M,-2.23%
2021-11-24,15845.23,15677.88,15848.56,15591.36,842.33M,0.44%
2021-11-23,15775.14,15809.50,15895.86,15601.46,1.07B,-0.50%
2021-11-22,15854.76,16120.92,16212.23,15851.04,1.13B,-1.26%
2021-11-19,16057.44,16042.16,16121.12,16017.23,1.02B,0.40%
2021-11-18,15993.71,15973.40,16010.88,15848.83,1.08B,0.45%
2021-11-17,15921.57,15973.61,15998.57,15909.39,966.81M,-0.33%
2021-11-16,15973.85,15840.32,15989.61,15825.00,1.01B,0.76%
2021-11-15,15853.85,15894.82,15918.45,15778.31,952.14M,-0.04%
2021-11-12,15860.96,15752.62,15874.58,15705.38,988.93M,1.00%
2021-11-11,15704.28,15752.08,15768.03,15695.77,867.11M,0.52%
2021-11-10,15622.70,15753.84,15867.24,15543.68,989.63M,-1.66%
2021-11-09,15886.54,16024.13,16035.21,15836.68,1.03B,-0.60%
2021-11-08,15982.36,15995.72,16038.23,15961.81,1.06B,0.07%
2021-11-05,15971.59,16003.56,16053.39,15900.78,1.06B,0.20%
2021-11-04,15940.31,15849.74,15966.09,15827.66,1.02B,0.81%
2021-11-03,15811.58,15658.52,15821.58,15616.44,1.00B,1.04%
2021-11-02,15649.60,15583.99,15656.60,15569.27,997.88M,0.34%
2021-11-01,15595.92,15541.26,15598.95,15470.82,1.00B,0.63%
2021-10-29,15498.39,15323.29,15504.12,15323.29,1.06B,0.33%
2021-10-28,15448.12,15304.74,15452.30,15290.31,1.06B,1.39%
2021-10-27,15235.84,15276.00,15364.54,15235.84,1.09B,0.00%
2021-10-26,15235.72,15317.50,15384.00,15198.23,1.22B,0.06%
2021-10-25,15226.71,15142.92,15259.63,15070.75,1.09B,0.90%
2021-10-22,15090.20,15158.07,15193.01,15021.02,1.10B,-0.82%
2021-10-21,15215.70,15104.80,15222.25,15094.14,891.24M,0.62%
2021-10-20,15121.68,15160.00,15178.39,15071.15,743.43M,-0.05%
2021-10-19,15129.09,15073.13,15137.85,15049.73,788.58M,0.71%
2021-10-18,15021.81,14839.74,15026.68,14833.28,798.36M,0.84%
2021-10-15,14897.34,14891.24,14904.98,14847.97,924.17M,0.50%
2021-10-14,14823.43,14717.50,14827.56,14699.52,815.46M,1.73%
2021-10-13,14571.64,14537.17,14589.28,14471.88,760.21M,0.73%
2021-10-12,14465.92,14539.09,14552.71,14441.60,768.40M,-0.14%
2021-10-11,14486.20,14540.08,14665.99,14482.61,664.49M,-0.64%
2021-10-08,14579.54,14694.72,14699.91,14569.68,670.94M,-0.51%
2021-10-07,14654.02,14631.80,14755.72,14615.14,798.16M,1.05%
2021-10-06,14501.91,14289.45,14509.55,14259.07,817.53M,0.47%
2021-10-05,14433.83,14312.86,14508.65,14299.78,805.23M,1.25%
2021-10-04,14255.49,14493.12,14499.74,14181.69,920.43M,-2.14%
2021-10-01,14566.70,14494.93,14606.82,14324.01,913.08M,0.82%
2021-09-30,14448.58,14582.60,14632.36,14444.30,1.14B,-0.44%
2021-09-29,14512.44,14614.88,14676.62,14493.67,980.97M,-0.24%
2021-09-28,14546.68,14787.21,14817.74,14539.88,996.26M,-2.83%
2021-09-27,14969.97,14954.17,15003.16,14864.96,894.61M,-0.52%
2021-09-24,15047.70,14961.61,15067.56,14946.57,773.44M,-0.03%
2021-09-23,15052.24,14960.00,15085.44,14932.51,788.23M,1.04%
2021-09-22,14896.85,14800.59,14950.12,14767.01,831.12M,1.02%
2021-09-21,14746.40,14803.36,14847.03,14696.47,873.64M,0.22%
2021-09-20,14713.90,14758.14,14841.82,14530.07,1.10B,-2.19%
2021-09-17,15043.97,15163.35,15166.56,14998.73,2.75B,-0.91%
2021-09-16,15181.92,15120.09,15205.50,15047.14,833.07M,0.13%
2021-09-15,15161.53,15071.34,15174.38,14984.68,987.75M,0.82%
2021-09-14,15037.76,15168.45,15181.19,15008.30,884.51M,-0.45%
2021-09-13,15105.58,15211.43,15215.44,15030.85,943.77M,-0.07%
2021-09-10,15115.49,15332.92,15349.47,15111.31,889.08M,-0.87%
2021-09-09,15248.25,15296.06,15352.38,15245.17,793.92M,-0.25%
2021-09-08,15286.64,15360.35,15360.35,15206.61,799.13M,-0.57%
2021-09-07,15374.33,15375.98,15403.44,15343.28,813.76M,0.07%
2021-09-03,15363.52,15313.42,15375.56,15283.67,713.30M,0.21%
2021-09-02,15331.18,15358.47,15380.07,15285.35,771.82M,0.14%
2021-09-01,15309.38,15308.98,15379.50,15302.11,836.30M,0.33%
2021-08-31,15259.24,15262.88,15278.96,15202.67,981.94M,-0.04%
2021-08-30,15265.89,15165.94,15288.08,15165.12,807.58M,0.90%
2021-08-27,15129.50,14969.76,15144.48,14966.52,857.20M,1.23%
2021-08-26,14945.81,15025.17,15059.63,14939.56,698.67M,-0.64%
2021-08-25,15041.86,15039.03,15059.43,15011.58,760.11M,0.15%
2021-08-24,15019.80,14978.14,15034.89,14965.54,737.23M,0.52%
2021-08-23,14942.65,14776.98,14963.47,14776.98,782.67M,1.55%
2021-08-20,14714.66,14571.53,14722.16,14571.53,828.73M,1.19%
2021-08-19,14541.79,14423.16,14610.76,14423.16,841.84M,0.11%
2021-08-18,14525.91,14636.24,14697.25,14516.30,764.92M,-0.89%
2021-08-17,14656.18,14670.56,14716.95,14550.88,797.61M,-0.93%
2021-08-16,14793.76,14771.53,14794.68,14610.02,774.04M,-0.20%
2021-08-13,14822.90,14825.07,14850.61,14797.22,774.68M,0.04%
2021-08-12,14816.26,14751.36,14824.31,14698.94,783.88M,0.35%
2021-08-11,14765.14,14834.38,14842.50,14692.41,787.41M,-0.16%
2021-08-10,14788.09,14887.75,14894.61,14754.48,781.07M,-0.49%
2021-08-09,14860.18,14855.75,14883.81,14802.69,801.12M,0.16%
2021-08-06,14835.76,14864.22,14890.18,14788.59,817.60M,-0.40%
2021-08-05,14895.12,14794.08,14896.48,14776.03,842.72M,0.78%
2021-08-04,14780.53,14747.21,14812.37,14734.12,875.56M,0.13%
2021-08-03,14761.30,14714.00,14762.60,14584.09,831.95M,0.55%
2021-08-02,14681.07,14758.60,14770.41,14665.67,752.76M,0.06%
2021-07-30,14672.68,14615.85,14728.78,14615.85,788.21M,-0.71%
2021-07-29,14778.26,14771.17,14833.74,14761.38,760.01M,0.11%
2021-07-28,14762.58,14715.66,14798.88,14645.63,839.14M,0.70%
2021-07-27,14660.58,14807.95,14811.08,14503.76,885.24M,-1.21%
2021-07-26,14840.71,14821.03,14863.65,14790.49,850.81M,0.03%
2021-07-23,14836.99,14753.06,14846.06,14698.77,758.41M,1.04%
2021-07-22,14684.60,14652.72,14694.19,14617.87,712.06M,0.36%
2021-07-21,14631.95,14508.75,14633.15,14498.65,801.83M,0.92%
2021-07-20,14498.88,14330.46,14555.75,14271.23,1.03B,1.57%
2021-07-19,14274.98,14235.98,14313.60,14178.66,916.44M,-1.06%
2021-07-16,14427.24,14597.51,14623.02,14413.32,811.42M,-0.80%
2021-07-15,14543.13,14635.78,14650.38,14451.80,832.92M,-0.70%
2021-07-14,14644.95,14780.90,14790.55,14632.95,862.70M,-0.22%
2021-07-13,14677.65,14715.13,14803.68,14660.19,805.39M,-0.38%
2021-07-12,14733.24,14743.86,14761.08,14672.63,753.86M,0.21%
2021-07-09,14701.92,14578.43,14710.20,14552.26,756.93M,0.98%
2021-07-08,14559.78,14409.20,14610.06,14371.59,920.12M,-0.72%
2021-07-07,14665.06,14753.42,14755.33,14580.79,889.86M,0.01%
2021-07-06,14663.64,14661.55,14687.00,14529.80,909.25M,0.17%
2021-07-02,14639.33,14582.98,14649.11,14555.33,724.36M,0.81%
2021-07-01,14522.38,14493.69,14533.55,14439.40,843.43M,0.13%
2021-06-30,14503.95,14509.85,14526.81,14478.06,1.08B,-0.17%
2021-06-29,14528.33,14509.19,14535.97,14471.38,908.40M,0.19%
2021-06-28,14500.51,14417.81,14505.19,14417.20,898.05M,0.98%
2021-06-25,14360.39,14400.81,14409.08,14337.65,3.12B,-0.06%
2021-06-24,14369.71,14357.26,14414.46,14333.70,807.04M,0.69%
2021-06-23,14271.73,14263.38,14317.66,14246.30,852.78M,0.13%
2021-06-22,14253.27,14138.29,14269.77,14121.00,891.23M,0.79%
2021-06-21,14141.48,14047.42,14150.78,13960.04,969.70M,0.79%
2021-06-18,14030.38,14096.93,14129.22,14009.03,2.14B,-0.92%
2021-06-17,14161.35,13999.13,14196.21,13998.93,990.64M,0.87%
2021-06-16,14039.68,14085.55,14129.69,13903.73,981.27M,-0.24%
2021-06-15,14072.86,14166.64,14171.02,14052.16,880.03M,-0.71%
2021-06-14,14174.14,14083.47,14175.45,14056.67,895.43M,0.74%
2021-06-11,14069.42,14030.85,14069.42,14006.59,824.12M,0.35%
2021-06-10,14020.33,13933.88,14031.19,13904.40,929.35M,0.78%
2021-06-09,13911.75,13980.23,14003.50,13906.45,1.09B,-0.09%
2021-06-08,13924.91,13946.32,13981.72,13831.98,1.17B,0.31%
2021-06-07,13881.72,13802.82,13889.11,13784.89,916.97M,0.49%
2021-06-04,13814.49,13697.25,13826.82,13692.01,806.24M,1.47%
2021-06-03,13614.51,13655.75,13684.13,13548.93,1.02B,-1.03%
2021-06-02,13756.33,13743.24,13775.89,13689.74,996.75M,0.14%
2021-06-01,13736.48,13829.06,13836.17,13678.76,884.82M,-0.09%
2021-05-28,13748.74,13792.05,13820.87,13747.61,911.24M,0.09%
2021-05-27,13736.28,13742.58,13776.52,13701.62,1.41B,-0.01%
2021-05-26,13738.00,13693.94,13750.16,13679.59,819.71M,0.59%
2021-05-25,13657.17,13721.54,13751.14,13631.80,823.66M,-0.03%
2021-05-24,13661.17,13557.21,13708.85,13551.01,730.82M,1.41%
2021-05-21,13470.99,13616.19,13616.58,13463.26,786.55M,-0.48%
2021-05-20,13535.74,13356.63,13563.52,13355.71,810.41M,1.77%
2021-05-19,13299.74,13078.19,13304.61,13072.23,879.29M,-0.03%
2021-05-18,13303.64,13416.90,13485.34,13299.92,852.73M,-0.56%
2021-05-17,13379.05,13368.80,13399.17,13265.40,799.86M,-0.38%
2021-05-14,13429.98,13255.65,13460.88,13242.97,854.90M,2.32%
2021-05-13,13124.99,13150.94,13247.87,13007.24,986.83M,0.72%
2021-05-12,13031.68,13215.49,13288.61,13002.53,985.26M,-2.67%
2021-05-11,13389.43,13115.85,13423.31,13107.67,983.05M,-0.09%
2021-05-10,13401.86,13687.59,13687.93,13401.75,1.02B,-2.55%
2021-05-07,13752.24,13723.09,13828.62,13690.75,873.19M,0.88%
2021-05-06,13632.84,13557.83,13635.74,13439.39,1.04B,0.37%
2021-05-05,13582.42,13731.13,13753.05,13553.93,909.08M,-0.37%
2021-05-04,13633.50,13774.51,13795.57,13485.59,1.09B,-1.88%
2021-05-03,13895.12,14031.77,14042.12,13881.51,919.69M,-0.48%
2021-04-30,13962.68,13970.73,14084.76,13941.63,1.02B,-0.85%
2021-04-29,14082.55,14204.51,14211.57,13952.80,994.15M,0.22%
2021-04-28,14051.03,14082.78,14133.65,14034.70,861.23M,-0.28%
2021-04-27,14090.22,14170.91,14171.24,14064.28,871.20M,-0.34%
2021-04-26,14138.78,14052.38,14154.03,14019.50,867.75M,0.87%
2021-04-23,14016.81,13861.37,14062.74,13856.83,843.30M,1.44%
2021-04-22,13818.41,13952.57,14015.87,13771.04,871.28M,-0.94%
2021-04-21,13950.22,13745.77,13951.35,13706.86,819.76M,1.19%
2021-04-20,13786.27,13894.46,13927.67,13698.67,875.27M,-0.92%
2021-04-19,13914.77,13984.58,14041.79,13842.57,907.06M,-0.98%
2021-04-16,14052.34,14059.11,14062.50,13977.05,962.78M,0.10%
2021-04-15,14038.76,13983.23,14049.13,13970.42,867.56M,1.31%
2021-04-14,13857.84,14004.08,14033.63,13839.04,812.85M,-0.99%
2021-04-13,13996.10,13902.45,14011.51,13902.45,839.45M,1.05%
2021-04-12,13850.00,13854.44,13877.00,13783.95,894.01M,-0.36%
2021-04-09,13900.19,13787.01,13905.41,13748.35,785.76M,0.51%
2021-04-08,13829.31,13796.89,13830.14,13758.71,870.91M,1.03%
2021-04-07,13688.84,13675.30,13733.03,13653.58,819.48M,-0.07%
2021-04-06,13698.38,13681.67,13776.71,13674.28,870.63M,-0.05%
2021-04-05,13705.59,13594.90,13720.58,13582.75,916.61M,1.67%
2021-04-01,13480.11,13414.33,13487.08,13404.18,939.16M,1.76%
2021-03-31,13246.87,13122.57,13325.54,13118.38,1.21B,1.54%
2021-03-30,13045.39,13008.80,13075.75,12922.57,983.51M,-0.11%
2021-03-29,13059.65,13103.97,13143.41,12968.16,1.06B,-0.60%
2021-03-26,13138.72,12996.03,13149.55,12878.72,1.14B,1.24%
2021-03-25,12977.68,12844.58,13021.86,12786.81,1.17B,0.12%
2021-03-24,12961.89,13289.24,13292.92,12961.35,1.19B,-2.01%
2021-03-23,13227.70,13381.43,13405.15,13202.43,1.19B,-1.12%
2021-03-22,13377.54,13278.78,13455.64,13278.78,1.11B,1.23%
2021-03-19,13215.24,13119.90,13252.37,13039.45,2.93B,0.76%
2021-03-18,13116.17,13349.20,13384.46,13101.92,1.22B,-3.02%
2021-03-17,13525.20,13336.92,13595.00,13272.69,1.18B,0.40%
2021-03-16,13471.57,13523.17,13620.71,13397.08,1.10B,0.09%
2021-03-15,13459.71,13323.47,13460.35,13272.50,1.13B,1.05%
2021-03-12,13319.86,13222.81,13324.69,13158.72,1.09B,-0.59%
2021-03-11,13398.67,13273.31,13433.62,13246.33,1.19B,2.52%
2021-03-10,13068.83,13234.73,13277.10,13035.44,1.22B,-0.04%
2021-03-09,13073.82,12923.07,13151.54,12882.49,1.28B,3.69%
2021-03-08,12609.16,12904.26,13001.00,12599.23,1.27B,-2.41%
2021-03-05,12920.15,12860.04,12941.21,12397.05,1.56B,1.55%
2021-03-04,12723.47,12953.99,13068.71,12553.96,1.58B,-2.11%
2021-03-03,12997.75,13336.25,13372.52,12995.07,1.16B,-2.70%
2021-03-02,13358.79,13599.45,13601.33,13352.00,1.08B,-1.69%
2021-03-01,13588.83,13406.16,13596.59,13362.66,1.10B,3.01%
2021-02-26,13192.35,13232.90,13368.06,13024.53,1.44B,0.56%
2021-02-25,13119.43,13512.64,13602.86,13066.38,1.33B,-3.52%
2021-02-24,13597.97,13400.25,13607.36,13286.59,1.24B,0.99%
2021-02-23,13465.20,13262.61,13526.09,13003.98,1.64B,-0.50%
2021-02-22,13533.05,13714.20,13757.06,13530.96,1.37B,-2.46%
2021-02-19,13874.47,13929.20,13985.58,13842.60,1.31B,0.07%
2021-02-18,13865.36,13814.67,13905.96,13714.35,1.24B,-0.72%
2021-02-17,13965.50,13911.65,13976.43,13804.26,1.35B,-0.58%
2021-02-16,14047.50,14152.22,14175.11,13995.45,1.49B,-0.34%
2021-02-12,14095.47,13979.21,14102.04,13937.71,1.32B,0.50%
2021-02-11,14025.77,14045.21,14058.91,13916.84,1.98B,0.38%
2021-02-10,13972.53,14093.35,14109.12,13845.47,1.83B,-0.25%
2021-02-09,14007.70,13966.82,14044.95,13966.55,1.52B,0.14%
2021-02-08,13987.64,13937.06,13987.74,13894.15,1.61B,0.95%
2021-02-05,13856.30,13824.88,13878.16,13761.66,1.26B,0.57%
2021-02-04,13777.74,13674.06,13778.42,13631.62,1.29B,1.23%
2021-02-03,13610.54,13718.31,13723.83,13585.34,1.36B,-0.02%
2021-02-02,13612.78,13543.10,13652.69,13535.86,1.43B,1.56%
2021-02-01,13403.39,13226.18,13431.46,13132.47,1.39B,2.55%
2021-01-29,13070.69,13284.72,13322.00,12985.05,1.78B,-2.00%
2021-01-28,13337.16,13323.29,13507.64,13316.52,2.16B,0.50%
2021-01-27,13270.60,13486.58,13538.42,13192.91,2.19B,-2.61%
2021-01-26,13626.07,13681.72,13702.69,13603.19,1.25B,-0.07%
2021-01-25,13635.99,13681.21,13728.98,13368.68,1.43B,0.69%
2021-01-22,13543.06,13474.81,13567.14,13463.66,1.13B,0.09%
2021-01-21,13530.92,13521.48,13560.35,13454.08,1.34B,0.55%
2021-01-20,13457.25,13342.55,13486.13,13329.77,1.29B,1.97%
2021-01-19,13197.18,13132.73,13206.86,13078.70,1.22B,1.53%
2021-01-15,12998.50,13099.90,13139.83,12949.76,1.26B,-0.87%
2021-01-14,13112.64,13174.75,13220.16,13098.41,1.21B,-0.12%
2021-01-13,13128.95,13088.01,13171.15,13051.07,1.27B,0.43%
2021-01-12,13072.43,13062.06,13105.04,12963.92,1.25B,0.28%
2021-01-11,13036.43,13048.78,13138.27,12999.51,1.24B,-1.25%
2021-01-08,13201.98,13160.22,13208.09,13036.55,1.33B,1.03%
2021-01-07,13067.48,12867.34,13090.91,12867.34,1.25B,2.56%
2021-01-06,12740.79,12666.15,12909.63,12649.99,1.45B,-0.61%
2021-01-05,12818.96,12665.65,12828.27,12665.65,1.21B,0.95%
2021-01-04,12698.45,12958.52,12958.73,12543.24,1.27B,-1.47%
2020-12-31,12888.28,12877.09,12902.07,12821.23,987.15M,0.14%
2020-12-30,12870.00,12906.51,12924.93,12857.76,954.01M,0.15%
2020-12-29,12850.22,12965.39,12973.33,12821.96,896.81M,-0.38%
2020-12-28,12899.42,12914.64,12930.89,12827.44,978.34M,0.74%
2020-12-24,12804.73,12791.54,12833.55,12767.64,584.09M,0.26%
2020-12-23,12771.11,12834.94,12841.92,12758.67,1.23B,-0.29%
2020-12-22,12807.92,12785.22,12840.57,12695.31,1.11B,0.51%
2020-12-21,12742.52,12596.14,12751.27,12525.22,1.11B,-0.10%
2020-12-18,12755.64,12804.93,12809.60,12654.60,2.81B,-0.07%
2020-12-17,12764.75,12730.78,12765.25,12696.35,1.02B,0.84%
2020-12-16,12658.19,12611.03,12687.32,12566.38,985.82M,0.50%
2020-12-15,12595.06,12543.26,12596.13,12465.42,915.62M,1.25%
2020-12-14,12440.04,12447.44,12543.00,12432.71,983.31M,0.50%
2020-12-11,12377.87,12336.79,12383.50,12246.77,876.14M,-0.23%
2020-12-10,12405.81,12247.55,12431.56,12214.74,893.26M,0.54%
2020-12-09,12338.95,12591.68,12607.14,12290.78,1.07B,-1.94%
2020-12-08,12582.77,12503.17,12594.54,12453.21,973.77M,0.50%
2020-12-07,12519.95,12461.00,12536.23,12460.55,931.78M,0.45%
2020-12-04,12464.23,12399.32,12464.23,12376.44,1.00B,0.70%
2020-12-03,12377.18,12369.26,12439.02,12356.99,928.31M,0.23%
2020-12-02,12349.37,12285.75,12360.06,12217.35,985.81M,-0.05%
2020-12-01,12355.11,12313.36,12405.79,12263.93,1.28B,1.28%
2020-11-30,12198.74,12224.25,12244.65,12027.16,1.76B,-0.06%
2020-11-27,12205.85,12159.18,12236.23,12154.57,655.99M,0.92%
2020-11-25,12094.40,12053.89,12114.77,12020.95,899.55M,0.47%
2020-11-24,12037.33,11939.33,12049.88,11863.45,1.27B,1.32%
2020-11-23,11880.63,11916.76,11949.33,11796.53,1.05B,0.22%
2020-11-20,11854.97,11892.70,11935.47,11852.51,1.12B,-0.42%
2020-11-19,11904.71,11779.03,11912.64,11760.98,1.08B,0.87%
2020-11-18,11801.60,11896.06,11942.49,11799.96,963.95M,-0.82%
2020-11-17,11899.34,11913.35,11950.18,11852.41,849.41M,-0.21%
2020-11-16,11924.13,11847.11,11937.72,11814.89,935.40M,0.80%
2020-11-13,11829.29,11794.94,11849.78,11715.52,787.30M,1.02%
2020-11-12,11709.59,11802.50,11847.84,11666.37,829.44M,-0.65%
2020-11-11,11786.43,11656.65,11793.58,11638.90,819.26M,2.01%
2020-11-10,11553.86,11622.44,11665.87,11424.61,1.03B,-1.37%
2020-11-09,11713.78,12046.66,12108.07,11703.49,1.41B,-1.53%
2020-11-06,11895.23,11869.90,11920.53,11737.13,893.72M,0.04%
2020-11-05,11890.93,11816.33,11924.28,11784.15,828.68M,2.59%
2020-11-04,11590.78,11443.77,11663.31,11394.21,852.15M,3.85%
2020-11-03,11160.57,11038.66,11213.92,11004.84,710.54M,1.85%
2020-11-02,10957.61,11010.45,11071.08,10830.94,715.79M,0.42%
2020-10-30,10911.59,11103.47,11129.81,10822.57,873.94M,-2.45%
2020-10-29,11185.59,11064.47,11287.63,11030.19,733.27M,1.64%
2020-10-28,11004.87,11230.90,11249.95,10999.07,856.55M,-3.73%
2020-10-27,11431.35,11409.34,11465.06,11361.86,676.35M,0.64%
2020-10-26,11358.94,11440.64,11545.63,11221.06,690.96M,-1.64%
2020-10-23,11548.28,11536.00,11548.85,11434.86,657.56M,0.37%
2020-10-22,11506.01,11526.98,11548.77,11369.29,750.16M,0.19%
2020-10-21,11484.69,11530.39,11613.79,11476.08,753.85M,-0.28%
2020-10-20,11516.49,11531.83,11632.89,11471.24,714.59M,0.33%
2020-10-19,11478.98,11732.34,11778.11,11454.57,755.00M,-1.65%
2020-10-16,11671.66,11761.83,11827.42,11648.53,741.76M,-0.36%
2020-10-15,11713.97,11559.88,11740.68,11559.10,661.41M,-0.47%
2020-10-14,11768.83,11889.07,11939.92,11714.35,697.01M,-0.80%
2020-10-13,11864.00,11901.76,11946.98,11821.83,729.33M,-0.10%
2020-10-12,11876.36,11732.33,11965.54,11704.13,830.65M,2.56%
2020-10-09,11580.05,11487.60,11581.23,11476.66,729.77M,1.39%
2020-10-08,11421.08,11443.35,11448.23,11384.33,715.15M,0.50%
2020-10-07,11364.70,11271.68,11380.56,11258.35,834.93M,1.88%
2020-10-06,11154.70,11314.53,11392.41,11124.45,936.32M,-1.57%
2020-10-05,11332.58,11169.10,11335.21,11162.52,781.32M,2.32%
2020-10-02,11075.11,11082.53,11244.87,11033.69,810.86M,-2.22%
2020-10-01,11326.61,11291.99,11344.13,11240.53,843.82M,1.42%
2020-09-30,11167.68,11092.90,11277.96,11092.90,1.02B,0.74%
2020-09-29,11085.42,11109.00,11153.23,11065.63,763.32M,-0.29%
2020-09-28,11117.70,11084.38,11120.80,11019.14,840.42M,1.87%
2020-09-25,10913.73,10680.46,10939.55,10639.98,820.01M,2.26%
2020-09-24,10672.43,10551.02,10799.55,10520.22,923.44M,0.37%
2020-09-23,10633.15,10950.83,10962.02,10612.92,962.40M,-3.02%
2020-09-22,10963.77,10873.30,10979.65,10737.52,845.80M,1.71%
2020-09-21,10778.94,10610.14,10782.74,10519.49,1.02B,-0.13%
2020-09-18,10793.28,10973.45,10977.68,10639.95,2.41B,-1.07%
2020-09-17,10910.28,10796.05,10974.45,10783.81,936.99M,-1.27%
2020-09-16,11050.47,11222.08,11245.42,11046.43,923.76M,-1.25%
2020-09-15,11190.32,11193.96,11244.46,11127.98,828.01M,1.21%
2020-09-14,11056.65,11010.14,11118.28,10982.26,882.03M,1.87%
2020-09-11,10853.55,11010.07,11033.05,10728.03,817.03M,-0.60%
2020-09-10,10919.59,11235.53,11299.53,10875.02,898.02M,-1.99%
2020-09-09,11141.56,11064.76,11217.69,10970.45,861.84M,2.71%
2020-09-08,10847.69,10900.69,11131.50,10837.20,984.13M,-4.11%
2020-09-04,11313.13,11396.24,11531.18,10875.87,1.02B,-1.27%
2020-09-03,11458.10,11861.90,11894.40,11361.35,1.05B,-4.96%
2020-09-02,12056.44,12047.26,12074.07,11836.18,903.54M,0.98%
2020-09-01,11939.67,11850.96,11945.72,11794.78,812.61M,1.39%
2020-08-31,11775.46,11718.81,11829.84,11697.42,940.53M,0.68%
2020-08-28,11695.63,11689.28,11708.77,11634.77,694.25M,0.60%
2020-08-27,11625.34,11688.19,11730.01,11551.01,773.52M,-0.34%
2020-08-26,11665.06,11516.62,11672.05,11507.46,738.61M,1.73%
2020-08-25,11466.47,11370.23,11468.26,11343.04,719.87M,0.76%
2020-08-24,11379.72,11449.25,11462.05,11297.53,837.05M,0.60%
2020-08-21,11311.80,11258.44,11326.22,11245.44,879.96M,0.42%
2020-08-20,11264.95,11096.40,11283.62,11090.03,830.32M,1.06%
2020-08-19,11146.46,11214.80,11257.42,11132.10,752.24M,-0.57%
2020-08-18,11210.84,11170.75,11230.61,11103.83,736.48M,0.73%
2020-08-17,11129.73,11083.25,11144.53,11080.30,741.24M,1.00%
2020-08-14,11019.30,11042.24,11058.44,10972.06,729.02M,-0.21%
2020-08-13,11042.50,11026.86,11124.85,11007.50,750.92M,0.27%
2020-08-12,11012.24,10878.11,11036.72,10877.16,811.57M,2.13%
2020-08-11,10782.82,10942.66,10989.42,10762.71,969.23M,-1.69%
2020-08-10,10968.36,11033.73,11040.24,10849.46,894.84M,-0.39%
2020-08-07,11010.98,11072.53,11126.04,10920.37,891.08M,-0.87%
2020-08-06,11108.07,10989.98,11121.19,10963.41,876.41M,1.00%
2020-08-05,10998.40,10967.87,11002.11,10943.72,887.01M,0.52%
2020-08-04,10941.17,10897.89,10941.91,10852.90,886.04M,0.35%
2020-08-03,10902.80,10848.64,10927.56,10831.15,904.39M,1.47%
2020-07-31,10745.27,10741.47,10747.80,10557.70,1.09B,1.49%
2020-07-30,10587.81,10450.12,10609.59,10412.09,897.26M,0.43%
2020-07-29,10542.94,10474.70,10567.91,10464.00,878.49M,1.35%
2020-07-28,10402.09,10509.20,10523.64,10397.87,811.00M,-1.27%
2020-07-27,10536.27,10421.70,10546.43,10399.86,912.98M,1.67%
2020-07-24,10363.18,10294.41,10418.75,10217.31,909.49M,-0.94%
2020-07-23,10461.42,10689.50,10728.12,10407.87,990.59M,-2.29%
2020-07-22,10706.13,10687.58,10745.32,10627.45,841.40M,0.24%
2020-07-21,10680.36,10837.88,10839.93,10650.46,1.06B,-0.81%
2020-07-20,10767.09,10526.02,10783.80,10488.04,937.33M,2.51%
2020-07-17,10503.19,10500.52,10532.62,10421.20,951.84M,0.28%
2020-07-16,10473.83,10443.87,10499.79,10364.39,873.49M,-0.73%
2020-07-15,10550.49,10576.72,10604.67,10420.54,1.04B,0.59%
2020-07-14,10488.58,10310.25,10497.83,10182.46,974.17M,0.94%
2020-07-13,10390.84,10729.92,10824.78,10368.04,1.08B,-2.13%
2020-07-10,10617.44,10545.91,10622.35,10447.01,781.92M,0.66%
2020-07-09,10547.75,10563.72,10578.10,10379.91,901.21M,0.53%
2020-07-08,10492.50,10409.35,10494.64,10350.96,901.93M,1.44%
2020-07-07,10343.89,10412.46,10518.98,10337.98,946.99M,-0.86%
2020-07-06,10433.65,10360.38,10462.05,10354.98,1.04B,2.21%
2020-07-02,10207.63,10268.67,10310.36,10194.06,887.00M,0.52%
2020-07-01,10154.63,10063.67,10197.19,10048.04,972.05M,0.95%
2020-06-30,10058.76,9875.28,10085.59,9863.67,1.10B,1.87%
2020-06-29,9874.15,9771.72,9877.34,9663.61,977.01M,1.20%
2020-06-26,9757.22,9995.12,10000.67,9749.07,2.67B,-2.59%
2020-06-25,10017.00,9899.36,10023.28,9810.47,1.06B,1.09%
2020-06-24,9909.17,10092.92,10137.50,9842.22,1.26B,-2.19%
2020-06-23,10131.37,10130.83,10221.85,10112.44,1.18B,0.74%
2020-06-22,10056.48,9945.49,10059.61,9916.60,1.06B,1.11%
2020-06-19,9946.12,10042.13,10053.91,9872.94,2.39B,0.03%
2020-06-18,9943.05,9892.48,9959.20,9885.66,1.03B,0.33%
2020-06-17,9910.53,9943.31,9991.21,9891.81,1.01B,0.15%
2020-06-16,9895.87,9949.78,9963.63,9748.38,1.09B,1.75%
2020-06-15,9726.02,9426.90,9756.07,9403.00,1.08B,1.43%
2020-06-12,9588.81,9715.87,9768.64,9413.62,1.04B,1.01%
2020-06-11,9492.73,9791.24,9868.08,9491.31,1.25B,-5.27%
2020-06-10,10020.35,10012.32,10086.89,9962.58,1.11B,0.67%
2020-06-09,9953.75,9867.19,10002.50,9863.27,1.12B,0.29%
2020-06-08,9924.75,9823.44,9927.12,9780.61,1.34B,1.13%
2020-06-05,9814.08,9703.54,9845.69,9685.35,1.44B,2.06%
2020-06-04,9615.81,9649.65,9716.14,9560.41,1.29B,-0.69%
2020-06-03,9682.91,9651.86,9707.78,9627.17,1.01B,0.78%
2020-06-02,9608.38,9566.53,9611.22,9472.08,908.58M,0.59%
2020-06-01,9552.05,9471.42,9571.28,9462.32,878.99M,0.66%
2020-05-29,9489.87,9382.35,9505.55,9324.73,1.45B,1.29%
2020-05-28,9368.99,9392.99,9523.64,9345.28,877.39M,-0.46%
2020-05-27,9412.36,9346.12,9414.62,9144.28,951.52M,0.77%
2020-05-26,9340.22,9501.21,9501.21,9333.16,967.90M,0.17%
2020-05-22,9324.59,9278.55,9328.28,9239.41,746.03M,0.43%
2020-05-21,9284.88,9375.19,9405.25,9254.85,785.34M,-0.97%
2020-05-20,9375.78,9305.62,9392.82,9304.20,938.19M,2.08%
2020-05-19,9185.10,9227.46,9317.25,9183.25,869.45M,-0.54%
2020-05-18,9234.83,9177.15,9267.22,9154.35,968.79M,2.44%
2020-05-15,9014.56,8839.99,9018.40,8821.38,1.03B,0.79%
2020-05-14,8943.72,8788.04,8945.71,8705.25,883.25M,0.91%
2020-05-13,8863.17,9006.05,9074.16,8752.68,952.96M,-1.55%
2020-05-12,9002.55,9225.15,9250.96,9000.07,922.43M,-2.06%
2020-05-11,9192.34,9054.91,9241.92,9053.17,878.43M,0.78%
2020-05-08,9121.32,9056.89,9125.98,9018.21,824.61M,1.58%
2020-05-07,8979.66,8973.78,9015.99,8932.85,831.29M,1.41%
2020-05-06,8854.39,8874.70,8933.25,8819.37,782.81M,0.51%
2020-05-05,8809.12,8809.66,8909.96,8781.31,834.18M,1.13%
2020-05-04,8710.72,8555.32,8715.82,8537.83,806.28M,1.23%
2020-05-01,8604.95,8681.29,8754.46,8566.84,868.79M,-3.20%
2020-04-30,8889.55,8911.01,8926.11,8825.83,1.13B,-0.28%
2020-04-29,8914.71,8802.70,8957.26,8765.01,1.03B,3.57%
2020-04-28,8607.73,8825.68,8830.57,8600.70,846.78M,-1.40%
2020-04-27,8730.16,8717.98,8754.57,8697.37,807.92M,1.11%
2020-04-24,8634.52,8530.08,8642.93,8464.42,797.88M,1.65%
2020-04-23,8494.75,8528.84,8635.23,8475.20,854.52M,-0.01%
2020-04-22,8495.38,8434.55,8537.31,8404.54,733.43M,2.81%
2020-04-21,8263.23,8460.69,8480.29,8215.69,881.56M,-3.48%
2020-04-20,8560.73,8553.38,8684.91,8553.38,876.31M,-1.03%
2020-04-17,8650.14,8667.48,8670.30,8531.69,1.06B,1.38%
2020-04-16,8532.36,8479.11,8560.16,8393.27,919.56M,1.66%
2020-04-15,8393.18,8355.96,8464.66,8308.79,794.06M,-1.44%
2020-04-14,8515.74,8353.21,8531.11,8338.08,849.82M,3.95%
2020-04-13,8192.42,8127.69,8200.44,8035.95,761.87M,0.48%
2020-04-09,8153.57,8169.01,8227.91,8072.32,925.80M,0.77%
2020-04-08,8090.90,7975.72,8114.43,7901.94,838.25M,2.58%
2020-04-07,7887.26,8129.99,8146.43,7881.22,1.00B,-0.33%
2020-04-06,7913.24,7660.17,7938.33,7617.79,980.15M,7.33%
2020-04-03,7373.08,7477.27,7518.72,7288.11,836.10M,-1.53%
2020-04-02,7487.31,7317.45,7501.70,7307.95,912.99M,1.72%
2020-04-01,7360.58,7459.50,7566.37,7301.98,914.11M,-4.41%
2020-03-31,7700.10,7740.06,7880.31,7642.86,1.10B,-0.95%
2020-03-30,7774.15,7583.46,7784.35,7539.97,926.45M,3.62%
2020-03-27,7502.38,7554.25,7716.24,7491.14,1.00B,-3.79%
2020-03-26,7797.54,7462.21,7809.82,7462.21,1.01B,5.60%
2020-03-25,7384.30,7421.36,7671.21,7276.40,1.19B,-0.45%
2020-03-24,7417.86,7196.15,7418.37,7169.86,1.15B,8.12%
2020-03-23,6860.67,6847.28,6984.94,6631.42,1.08B,-0.27%
2020-03-20,6879.52,7248.07,7354.44,6854.67,1.64B,-3.79%
2020-03-19,7150.58,6996.45,7341.38,6858.38,1.19B,2.30%
2020-03-18,6989.84,6902.32,7182.83,6686.36,1.26B,-4.70%
2020-03-17,7334.78,6904.59,7406.23,6828.91,1.29B,6.23%
2020-03-16,6904.59,7392.73,7422.20,6882.86,1.27B,-12.32%
2020-03-13,7874.88,7610.39,7875.93,7219.09,1.25B,9.35%
2020-03-12,7201.80,7398.58,7712.33,7194.67,1.34B,-9.43%
2020-03-11,7952.05,8136.25,8181.36,7850.94,1.06B,-4.70%
2020-03-10,8344.25,8219.76,8347.40,7930.43,1.12B,4.95%
2020-03-09,7950.68,7957.93,8243.31,7943.16,1.20B,-7.29%
2020-03-06,8575.62,8469.01,8612.36,8375.13,1.05B,-1.86%
2020-03-05,8738.59,8790.09,8921.08,8677.39,901.11M,-3.10%
2020-03-04,9018.09,8834.10,9019.96,8757.66,878.06M,3.85%
2020-03-03,8684.09,8965.10,9070.32,8602.89,1.10B,-2.99%
2020-03-02,8952.17,8667.14,8952.81,8543.35,1.10B,4.49%
2020-02-28,8567.37,8269.74,8591.82,8264.16,1.44B,0.01%
2020-02-27,8566.48,8744.03,8904.11,8562.05,1.15B,-4.61%
2020-02-26,8980.77,9011.55,9148.32,8927.80,870.35M,0.17%
2020-02-25,8965.61,9301.20,9315.26,8940.49,871.82M,-2.77%
2020-02-24,9221.28,9188.44,9322.88,9166.01,795.20M,-3.71%
2020-02-21,9576.59,9708.01,9715.95,9542.33,699.67M,-1.79%
2020-02-20,9750.97,9799.20,9820.86,9636.94,646.92M,-0.67%
2020-02-19,9817.18,9782.81,9838.37,9777.10,580.07M,0.87%
2020-02-18,9732.74,9679.04,9747.68,9675.80,555.31M,0.02%
2020-02-14,9731.18,9728.90,9746.36,9693.05,536.34M,0.20%
2020-02-13,9711.97,9657.04,9748.32,9650.02,545.84M,-0.14%
2020-02-12,9725.96,9688.60,9728.77,9666.68,589.71M,0.90%
2020-02-11,9638.94,9680.89,9714.74,9617.21,567.80M,0.11%
2020-02-10,9628.39,9493.63,9628.66,9493.63,546.60M,1.13%
2020-02-07,9520.51,9526.64,9570.09,9496.53,549.79M,-0.54%
2020-02-06,9572.15,9540.98,9575.66,9505.68,582.67M,0.67%
2020-02-05,9508.68,9574.10,9574.93,9454.93,625.91M,0.43%
2020-02-04,9467.97,9398.39,9485.38,9374.05,607.83M,2.10%
2020-02-03,9273.40,9190.72,9299.85,9188.55,623.27M,1.34%
2020-01-31,9150.94,9324.33,9324.80,9123.22,695.77M,-1.59%
2020-01-30,9298.93,9211.15,9303.00,9185.18,573.68M,0.26%
2020-01-29,9275.16,9318.26,9329.11,9249.04,548.87M,0.06%
2020-01-28,9269.68,9201.82,9288.87,9182.33,530.77M,1.43%
2020-01-27,9139.31,9092.46,9185.45,9088.04,686.78M,-1.89%
2020-01-24,9314.91,9446.20,9451.43,9273.23,629.46M,-0.93%
2020-01-23,9402.48,9377.72,9409.20,9334.13,611.04M,0.20%
2020-01-22,9383.77,9413.61,9439.29,9375.13,580.34M,0.14%
2020-01-21,9370.81,9361.07,9397.58,9350.20,691.60M,-0.19%
2020-01-17,9388.94,9392.37,9393.48,9346.81,659.47M,0.34%
2020-01-16,9357.13,9313.44,9357.92,9301.32,567.15M,1.06%
2020-01-15,9258.69,9253.76,9298.82,9231.14,584.77M,0.08%
2020-01-14,9251.33,9270.61,9298.33,9226.49,624.22M,-0.24%
2020-01-13,9273.93,9213.72,9274.49,9193.06,605.16M,1.04%
2020-01-10,9178.86,9232.94,9235.20,9164.66,585.08M,-0.27%
2020-01-09,9203.43,9202.27,9215.95,9158.50,601.33M,0.81%
2020-01-08,9129.24,9068.03,9168.89,9059.38,595.81M,0.67%
2020-01-07,9068.58,9076.65,9091.93,9042.55,552.23M,-0.03%
2020-01-06,9071.47,8943.50,9072.41,8943.50,690.23M,0.56%
2020-01-03,9020.77,8976.43,9065.76,8976.43,618.55M,-0.79%
2020-01-02,9092.19,9039.46,9093.43,9010.89,654.95M,1.33%