"Date","Price","Open","High","Low","Vol.","Change %"
"May 12, 2021","0.00001766","0.00003033","0.00003033","0.00001766","86,848.92B","-42.00%"
"May 13, 2021","0.00002101","0.00001794","0.00002101","0.00001551","91,382.21B","18.97%"
"May 14, 2021","0.00001846","0.00002089","0.00002122","0.00001846","40,929.23B","-12.14%"
"May 15, 2021","0.00001553","0.00001837","0.00001843","0.00001523","43,724.10B","-15.87%"
"May 16, 2021","0.00001774","0.00001553","0.00001774","0.00001278","61,614.36B","14.23%"
"May 17, 2021","0.00001651","0.00001770","0.00001770","0.00001494","60,193.30B","-6.93%"
"May 18, 2021","0.00001561","0.00001651","0.00001732","0.00001561","27,963.91B","-5.45%"
"May 19, 2021","0.00000910","0.00001559","0.00001559","0.00000841","90,522.63B","-41.70%"
"May 20, 2021","0.00000975","0.00000914","0.00001169","0.00000890","67,254.97B","7.14%"
"May 21, 2021","0.00000820","0.00000964","0.00001025","0.00000718","54,605.33B","-15.90%"
"May 22, 2021","0.00000836","0.00000814","0.00000860","0.00000689","46,320.49B","1.95%"
"May 23, 2021","0.00000810","0.00000832","0.00000929","0.00000734","60,565.88B","-3.11%"
"May 24, 2021","0.00001064","0.00000809","0.00001177","0.00000781","66,919.54B","31.36%"
"May 25, 2021","0.00000938","0.00001065","0.00001065","0.00000920","43,086.58B","-11.84%"
"May 26, 2021","0.00000949","0.00000939","0.00001043","0.00000937","29,904.02B","1.17%"
"May 27, 2021","0.00000880","0.00000949","0.00000949","0.00000873","21,377.82B","-7.27%"
"May 28, 2021","0.00000791","0.00000876","0.00000876","0.00000770","22,969.70B","-10.11%"
"May 29, 2021","0.00000789","0.00000787","0.00000810","0.00000734","15,467.46B","-0.25%"
"May 30, 2021","0.00000785","0.00000791","0.00000803","0.00000765","12,858.28B","-0.51%"
"May 31, 2021","0.00000928","0.00000783","0.00000928","0.00000774","29,003.96B","18.22%"
"Jun 01, 2021","0.00000881","0.00000919","0.00000919","0.00000848","23,622.91B","-5.06%"
"Jun 02, 2021","0.00000944","0.00000884","0.00001002","0.00000871","37,416.27B","7.15%"
"Jun 03, 2021","0.00000981","0.00000944","0.00000997","0.00000939","25,308.73B","3.92%"
"Jun 04, 2021","0.00000880","0.00000981","0.00000984","0.00000844","27,583.50B","-10.30%"
"Jun 05, 2021","0.00000843","0.00000880","0.00000899","0.00000835","15,146.24B","-4.20%"
"Jun 06, 2021","0.00000854","0.00000841","0.00000859","0.00000838","8,726.29B","1.30%"
"Jun 07, 2021","0.00000772","0.00000853","0.00000867","0.00000772","14,317.70B","-9.60%"
"Jun 08, 2021","0.00000720","0.00000774","0.00000774","0.00000678","32,377.18B","-6.74%"
"Jun 09, 2021","0.00000738","0.00000713","0.00000741","0.00000694","21,378.00B","2.50%"
"Jun 10, 2021","0.00000682","0.00000738","0.00000738","0.00000682","15,981.30B","-7.59%"
"Jun 11, 2021","0.00000620","0.00000684","0.00000684","0.00000620","16,655.18B","-9.09%"
"Jun 12, 2021","0.00000627","0.00000621","0.00000634","0.00000571","28,184.80B","1.13%"
"Jun 13, 2021","0.00000685","0.00000628","0.00000685","0.00000616","20,768.01B","9.25%"
"Jun 14, 2021","0.00000709","0.00000691","0.00000709","0.00000677","17,259.88B","3.50%"
"Jun 15, 2021","0.00000903","0.00000709","0.00000909","0.00000698","55,718.80B","27.36%"
"Jun 16, 2021","0.00000831","0.00000902","0.00000902","0.00000831","46,252.54B","-7.97%"
"Jun 17, 2021","0.00000795","0.00000832","0.00000846","0.00000786","27,624.71B","-4.33%"
"Jun 18, 2021","0.00000724","0.00000795","0.00000795","0.00000713","23,553.85B","-8.93%"
"Jun 19, 2021","0.00000762","0.00000724","0.00000795","0.00000724","33,527.14B","5.25%"
"Jun 20, 2021","0.00000778","0.00000762","0.00000790","0.00000740","25,210.96B","2.10%"
"Jun 21, 2021","0.00000624","0.00000779","0.00000779","0.00000624","34,749.99B","-19.79%"
"Jun 22, 2021","0.00000633","0.00000625","0.00000687","0.00000600","41,231.66B","1.44%"
"Jun 23, 2021","0.00000683","0.00000631","0.00000693","0.00000631","22,098.39B","7.90%"
"Jun 24, 2021","0.00000720","0.00000683","0.00000720","0.00000660","14,591.61B","5.42%"
"Jun 25, 2021","0.00000706","0.00000722","0.00000735","0.00000677","41,612.79B","-1.94%"
"Jun 26, 2021","0.00000749","0.00000707","0.00000749","0.00000707","21,850.06B","6.09%"
"Jun 27, 2021","0.00000785","0.00000749","0.00000785","0.00000729","11,920.08B","4.81%"
"Jun 28, 2021","0.00000808","0.00000787","0.00000810","0.00000768","18,505.42B","2.93%"
"Jun 29, 2021","0.00000884","0.00000808","0.00000924","0.00000808","46,030.44B","9.41%"
"Jun 30, 2021","0.00000883","0.00000886","0.00000911","0.00000820","32,482.46B","-0.11%"
"Jul 01, 2021","0.00000832","0.00000882","0.00000882","0.00000825","15,995.98B","-5.78%"
"Jul 02, 2021","0.00000836","0.00000833","0.00000836","0.00000807","9,606.49B","0.48%"
"Jul 03, 2021","0.00000872","0.00000835","0.00000873","0.00000833","10,412.97B","4.31%"
"Jul 04, 2021","0.00000873","0.00000880","0.00000884","0.00000871","10,016.29B","0.11%"
"Jul 05, 2021","0.00000833","0.00000872","0.00000872","0.00000833","12,067.68B","-4.58%"
"Jul 06, 2021","0.00000886","0.00000832","0.00000908","0.00000832","23,346.75B","6.36%"
"Jul 07, 2021","0.00000855","0.00000872","0.00000878","0.00000853","10,734.44B","-3.50%"
"Jul 08, 2021","0.00000802","0.00000855","0.00000856","0.00000780","14,718.04B","-6.20%"
"Jul 09, 2021","0.00000791","0.00000773","0.00000809","0.00000770","8,925.39B","-1.37%"
"Jul 10, 2021","0.00000768","0.00000793","0.00000808","0.00000752","7,200.08B","-2.91%"
"Jul 11, 2021","0.00000786","0.00000766","0.00000797","0.00000757","5,482.91B","2.34%"
"Jul 12, 2021","0.00000758","0.00000786","0.00000799","0.00000733","7,735.72B","-3.56%"
"Jul 13, 2021","0.00000711","0.00000756","0.00000759","0.00000705","8,109.66B","-6.20%"
"Jul 14, 2021","0.00000723","0.00000712","0.00000756","0.00000672","11,875.67B","1.69%"
"Jul 15, 2021","0.00000690","0.00000725","0.00000735","0.00000680","8,951.01B","-4.56%"
"Jul 16, 2021","0.00000662","0.00000691","0.00000700","0.00000656","6,046.65B","-4.06%"
"Jul 17, 2021","0.00000679","0.00000663","0.00000705","0.00000657","7,117.70B","2.57%"
"Jul 18, 2021","0.00000665","0.00000681","0.00000701","0.00000660","6,125.48B","-2.06%"
"Jul 19, 2021","0.00000618","0.00000663","0.00000667","0.00000608","8,537.29B","-7.07%"
"Jul 20, 2021","0.00000589","0.00000618","0.00000623","0.00000571","10,225.89B","-4.69%"
"Jul 21, 2021","0.00000654","0.00000589","0.00000696","0.00000578","15,170.32B","11.04%"
"Jul 22, 2021","0.00000646","0.00000653","0.00000665","0.00000636","8,028.54B","-1.22%"
"Jul 23, 2021","0.00000647","0.00000647","0.00000668","0.00000613","8,808.87B","0.15%"
"Jul 24, 2021","0.00000647","0.00000648","0.00000655","0.00000637","9,676.93B","0.00%"
"Jul 25, 2021","0.00000637","0.00000645","0.00000645","0.00000616","7,134.28B","-1.55%"
"Jul 26, 2021","0.00000631","0.00000637","0.00000691","0.00000625","19,215.99B","-0.94%"
"Jul 27, 2021","0.00000632","0.00000630","0.00000641","0.00000605","9,640.11B","0.16%"
"Jul 28, 2021","0.00000619","0.00000632","0.00000635","0.00000614","7,903.71B","-2.06%"
"Jul 29, 2021","0.00000629","0.00000618","0.00000650","0.00000609","8,694.97B","1.62%"
"Jul 30, 2021","0.00000629","0.00000631","0.00000641","0.00000611","6,650.20B","0.00%"
"Jul 31, 2021","0.00000625","0.00000629","0.00000631","0.00000620","5,293.88B","-0.64%"
"Aug 01, 2021","0.00000631","0.00000625","0.00000671","0.00000621","10,980.27B","0.96%"
"Aug 02, 2021","0.00000635","0.00000630","0.00000643","0.00000621","6,260.37B","0.63%"
"Aug 03, 2021","0.00000619","0.00000635","0.00000640","0.00000615","5,223.68B","-2.52%"
"Aug 04, 2021","0.00000623","0.00000618","0.00000633","0.00000611","5,510.38B","0.65%"
"Aug 05, 2021","0.00000622","0.00000623","0.00000625","0.00000611","6,264.32B","-0.16%"
"Aug 06, 2021","0.00000631","0.00000622","0.00000642","0.00000613","7,943.12B","1.45%"
"Aug 07, 2021","0.00000780","0.00000631","0.00000789","0.00000629","31,446.62B","23.61%"
"Aug 08, 2021","0.00000728","0.00000782","0.00000886","0.00000724","42,993.26B","-6.67%"
"Aug 09, 2021","0.00000763","0.00000728","0.00000787","0.00000710","20,194.57B","4.81%"
"Aug 10, 2021","0.00000757","0.00000763","0.00000793","0.00000732","12,231.56B","-0.79%"
"Aug 11, 2021","0.00000778","0.00000757","0.00000829","0.00000754","22,949.09B","2.77%"
"Aug 12, 2021","0.00000764","0.00000778","0.00000821","0.00000744","16,739.82B","-1.80%"
"Aug 13, 2021","0.00000813","0.00000765","0.00000817","0.00000760","11,213.99B","6.41%"
"Aug 14, 2021","0.00000813","0.00000812","0.00000856","0.00000781","17,008.58B","0.00%"
"Aug 15, 2021","0.00000855","0.00000814","0.00000875","0.00000786","18,476.77B","5.17%"
"Aug 16, 2021","0.00000903","0.00000858","0.00000947","0.00000837","37,193.26B","5.61%"
"Aug 17, 2021","0.00000804","0.00000904","0.00000936","0.00000800","26,320.01B","-10.96%"
"Aug 18, 2021","0.00000801","0.00000804","0.00000832","0.00000777","18,266.16B","-0.37%"
"Aug 19, 2021","0.00000835","0.00000803","0.00000835","0.00000786","11,151.61B","4.24%"
"Aug 20, 2021","0.00000848","0.00000835","0.00000860","0.00000823","10,997.62B","1.56%"
"Aug 21, 2021","0.00000813","0.00000849","0.00000851","0.00000813","9,202.69B","-4.13%"
"Aug 22, 2021","0.00000820","0.00000813","0.00000842","0.00000805","7,663.35B","0.86%"
"Aug 23, 2021","0.00000820","0.00000820","0.00000843","0.00000814","8,223.15B","0.00%"
"Aug 24, 2021","0.00000750","0.00000819","0.00000822","0.00000735","13,127.79B","-8.54%"
"Aug 25, 2021","0.00000752","0.00000749","0.00000771","0.00000716","10,904.82B","0.27%"
"Aug 26, 2021","0.00000697","0.00000753","0.00000764","0.00000688","9,824.22B","-7.31%"
"Aug 27, 2021","0.00000746","0.00000697","0.00000757","0.00000683","10,125.11B","7.03%"
"Aug 28, 2021","0.00000722","0.00000747","0.00000749","0.00000719","5,540.76B","-3.22%"
"Aug 29, 2021","0.00000712","0.00000722","0.00000739","0.00000702","5,565.49B","-1.39%"
"Aug 30, 2021","0.00000667","0.00000712","0.00000713","0.00000654","6,392.21B","-6.32%"
"Aug 31, 2021","0.00000685","0.00000667","0.00000709","0.00000664","8,457.29B","2.70%"
"Sep 01, 2021","0.00000719","0.00000686","0.00000722","0.00000666","8,005.27B","4.96%"
"Sep 02, 2021","0.00000708","0.00000718","0.00000737","0.00000702","7,570.46B","-1.53%"
"Sep 03, 2021","0.00000707","0.00000709","0.00000724","0.00000690","7,225.20B","-0.14%"
"Sep 04, 2021","0.00000745","0.00000707","0.00000767","0.00000704","13,567.56B","5.37%"
"Sep 05, 2021","0.00000753","0.00000745","0.00000756","0.00000725","7,939.39B","1.07%"
"Sep 06, 2021","0.00000722","0.00000753","0.00000764","0.00000700","9,509.02B","-4.12%"
"Sep 07, 2021","0.00000602","0.00000722","0.00000724","0.00000513","23,562.87B","-16.62%"
"Sep 08, 2021","0.00000668","0.00000605","0.00000817","0.00000544","46,608.92B","10.96%"
"Sep 09, 2021","0.00000730","0.00000668","0.00000776","0.00000657","32,274.52B","9.28%"
"Sep 10, 2021","0.00000700","0.00000730","0.00000750","0.00000656","17,596.62B","-4.11%"
"Sep 11, 2021","0.00000677","0.00000700","0.00000707","0.00000673","7,645.10B","-3.29%"
"Sep 12, 2021","0.00000690","0.00000678","0.00000700","0.00000665","7,878.33B","1.92%"
"Sep 13, 2021","0.00000650","0.00000689","0.00000697","0.00000619","9,098.22B","-5.80%"
"Sep 14, 2021","0.00000666","0.00000650","0.00000671","0.00000644","5,602.40B","2.46%"
"Sep 15, 2021","0.00000677","0.00000667","0.00000689","0.00000660","5,737.80B","1.65%"
"Sep 16, 2021","0.00000854","0.00000677","0.00000888","0.00000652","51,623.56B","26.14%"
"Sep 17, 2021","0.00000844","0.00000857","0.00000947","0.00000813","57,967.16B","-1.17%"
"Sep 18, 2021","0.00000784","0.00000845","0.00000862","0.00000761","16,665.09B","-7.11%"
"Sep 19, 2021","0.00000809","0.00000782","0.00000838","0.00000737","19,919.82B","3.19%"
"Sep 20, 2021","0.00000701","0.00000809","0.00000810","0.00000680","21,869.10B","-13.35%"
"Sep 21, 2021","0.00000686","0.00000702","0.00000732","0.00000660","13,563.55B","-2.14%"
"Sep 22, 2021","0.00000725","0.00000688","0.00000732","0.00000685","8,503.53B","5.69%"
"Sep 23, 2021","0.00000763","0.00000725","0.00000774","0.00000711","13,150.79B","5.24%"
"Sep 24, 2021","0.00000737","0.00000764","0.00000783","0.00000674","15,144.42B","-3.41%"
"Sep 25, 2021","0.00000732","0.00000736","0.00000760","0.00000711","6,212.77B","-0.68%"
"Sep 26, 2021","0.00000711","0.00000731","0.00000732","0.00000683","6,574.27B","-2.87%"
"Sep 27, 2021","0.00000697","0.00000710","0.00000726","0.00000691","4,571.92B","-1.97%"
"Sep 28, 2021","0.00000697","0.00000697","0.00000716","0.00000682","5,067.04B","0.00%"
"Sep 29, 2021","0.00000702","0.00000697","0.00000716","0.00000692","3,843.14B","0.72%"
"Sep 30, 2021","0.00000721","0.00000701","0.00000742","0.00000700","5,133.93B","2.71%"
"Oct 01, 2021","0.00000770","0.00000721","0.00000779","0.00000716","9,135.59B","6.80%"
"Oct 02, 2021","0.00000789","0.00000770","0.00000824","0.00000743","11,272.93B","2.47%"
"Oct 03, 2021","0.00000854","0.00000788","0.00000901","0.00000768","23,545.11B","8.24%"
"Oct 04, 2021","0.00001346","0.00000854","0.00001480","0.00000821","164,958.74B","57.61%"
"Oct 05, 2021","0.00001733","0.00001347","0.00001999","0.00001214","228,213.52B","28.75%"
"Oct 06, 2021","0.00002786","0.00001733","0.00002889","0.00001663","230,475.91B","60.76%"
"Oct 07, 2021","0.00002291","0.00002786","0.00003512","0.00002067","295,226.02B","-17.77%"
"Oct 08, 2021","0.00002725","0.00002290","0.00002945","0.00002069","166,725.24B","18.94%"
"Oct 09, 2021","0.00002666","0.00002725","0.00003008","0.00002445","83,317.21B","-2.17%"
"Oct 10, 2021","0.00002617","0.00002666","0.00002774","0.00002512","42,750.28B","-1.84%"
"Oct 11, 2021","0.00003065","0.00002617","0.00003200","0.00002588","84,033.15B","17.12%"
"Oct 12, 2021","0.00002906","0.00003065","0.00003155","0.00002749","55,848.45B","-5.19%"
"Oct 13, 2021","0.00002908","0.00002906","0.00003065","0.00002770","32,931.41B","0.07%"
"Oct 14, 2021","0.00002741","0.00002908","0.00002982","0.00002649","30,625.60B","-5.74%"
"Oct 15, 2021","0.00002527","0.00002741","0.00002750","0.00002341","51,723.48B","-7.81%"
"Oct 16, 2021","0.00002569","0.00002527","0.00002654","0.00002478","21,641.62B","1.66%"
"Oct 17, 2021","0.00002780","0.00002569","0.00002892","0.00002380","25,653.69B","8.21%"
"Oct 18, 2021","0.00002867","0.00002773","0.00002953","0.00002641","46,433.98B","3.13%"
"Oct 19, 2021","0.00002803","0.00002867","0.00002914","0.00002755","17,294.34B","-2.23%"
"Oct 20, 2021","0.00002923","0.00002803","0.00002953","0.00002732","16,846.57B","4.28%"
"Oct 21, 2021","0.00002748","0.00002922","0.00002922","0.00002710","15,344.37B","-5.99%"
"Oct 22, 2021","0.00002791","0.00002748","0.00002846","0.00002704","12,247.60B","1.56%"
"Oct 23, 2021","0.00003385","0.00002794","0.00003455","0.00002766","47,273.18B","21.28%"
"Oct 24, 2021","0.00003576","0.00003385","0.00004438","0.00003356","142,148.99B","5.64%"
"Oct 25, 2021","0.00004223","0.00003599","0.00004360","0.00003513","63,574.46B","18.09%"
"Oct 26, 2021","0.00004778","0.00004223","0.00004960","0.00004055","74,763.31B","13.14%"
"Oct 27, 2021","0.00007928","0.00004795","0.00008747","0.00004693","188,318.06B","65.93%"
"Oct 28, 2021","0.00006889","0.00007921","0.00008841","0.00005752","163,093.20B","-13.11%"
"Oct 29, 2021","0.00007486","0.00006889","0.00007714","0.00006102","68,132.09B","8.67%"
"Oct 30, 2021","0.00006543","0.00007485","0.00007797","0.00006191","39,238.64B","-12.60%"
"Oct 31, 2021","0.00006697","0.00006545","0.00006950","0.00005857","38,337.18B","2.35%"
"Nov 01, 2021","0.00007156","0.00006697","0.00007489","0.00006575","35,022.84B","6.85%"
"Nov 02, 2021","0.00006884","0.00007156","0.00007292","0.00006661","21,645.23B","-3.80%"
"Nov 03, 2021","0.00005497","0.00006918","0.00006918","0.00005310","33,836.89B","-20.15%"
"Nov 04, 2021","0.00004941","0.00005540","0.00006095","0.00004323","83,105.69B","-10.11%"
"Nov 05, 2021","0.00006246","0.00004940","0.00006533","0.00004548","78,410.31B","26.41%"
"Nov 06, 2021","0.00005856","0.00006258","0.00006304","0.00005504","41,814.97B","-6.24%"
"Nov 07, 2021","0.00005691","0.00005856","0.00005956","0.00005586","20,158.88B","-2.82%"
"Nov 08, 2021","0.00005523","0.00005690","0.00005891","0.00005296","29,128.31B","-2.95%"
"Nov 09, 2021","0.00005484","0.00005523","0.00005839","0.00005335","18,956.72B","-0.71%"
"Nov 10, 2021","0.00005028","0.00005484","0.00005519","0.00004603","27,650.30B","-8.32%"
"Nov 11, 2021","0.00005662","0.00005028","0.00005773","0.00004848","35,765.95B","12.61%"
"Nov 12, 2021","0.00005239","0.00005661","0.00005691","0.00005136","18,412.42B","-7.47%"
"Nov 13, 2021","0.00005168","0.00005239","0.00005280","0.00005076","10,167.88B","-1.36%"
"Nov 14, 2021","0.00005310","0.00005168","0.00005615","0.00005157","15,350.21B","2.75%"
"Nov 15, 2021","0.00005342","0.00005310","0.00005594","0.00005235","15,446.52B","0.60%"
"Nov 16, 2021","0.00004835","0.00005342","0.00005347","0.00004519","27,798.52B","-9.49%"
"Nov 17, 2021","0.00004810","0.00004833","0.00004987","0.00004674","15,087.44B","-0.52%"
"Nov 18, 2021","0.00004255","0.00004811","0.00004891","0.00004058","26,112.48B","-11.54%"
"Nov 19, 2021","0.00004855","0.00004255","0.00005204","0.00004184","30,433.36B","14.10%"
"Nov 20, 2021","0.00004767","0.00004855","0.00004995","0.00004572","18,261.92B","-1.81%"
"Nov 21, 2021","0.00004412","0.00004767","0.00004769","0.00004359","12,364.37B","-7.45%"
"Nov 22, 2021","0.00004325","0.00004413","0.00004617","0.00004272","13,649.15B","-1.97%"
"Nov 23, 2021","0.00004192","0.00004325","0.00004449","0.00004118","14,330.21B","-3.08%"
"Nov 24, 2021","0.00003787","0.00004191","0.00004283","0.00003606","28,573.95B","-9.66%"
"Nov 25, 2021","0.00004267","0.00003786","0.00004784","0.00003771","48,159.65B","12.67%"
"Nov 26, 2021","0.00003855","0.00004267","0.00004277","0.00003588","34,068.66B","-9.66%"
"Nov 27, 2021","0.00003925","0.00003855","0.00004162","0.00003819","18,427.05B","1.82%"
"Nov 28, 2021","0.00003912","0.00003923","0.00003951","0.00003628","18,193.73B","-0.33%"
"Nov 29, 2021","0.00004529","0.00003912","0.00004555","0.00003846","28,136.58B","15.77%"
"Nov 30, 2021","0.00004733","0.00004529","0.00005408","0.00004345","69,471.16B","4.50%"
"Dec 01, 2021","0.00004410","0.00004732","0.00004866","0.00004362","27,156.46B","-6.82%"
"Dec 02, 2021","0.00004221","0.00004410","0.00004419","0.00004125","17,394.27B","-4.29%"
"Dec 03, 2021","0.00004049","0.00004221","0.00004483","0.00003905","22,594.10B","-4.07%"
"Dec 04, 2021","0.00003652","0.00004049","0.00004049","0.00002995","39,270.64B","-9.80%"
"Dec 05, 2021","0.00003616","0.00003649","0.00003811","0.00003436","22,878.78B","-0.99%"
"Dec 06, 2021","0.00003684","0.00003617","0.00003758","0.00003286","22,273.33B","1.88%"
"Dec 07, 2021","0.00003626","0.00003677","0.00003872","0.00003568","17,152.73B","-1.57%"
"Dec 08, 2021","0.00003693","0.00003626","0.00003759","0.00003563","10,167.31B","1.85%"
"Dec 09, 2021","0.00003467","0.00003693","0.00003727","0.00003421","8,981.20B","-6.12%"
"Dec 10, 2021","0.00003344","0.00003467","0.00003602","0.00003338","8,567.97B","-3.55%"
"Dec 11, 2021","0.00003435","0.00003344","0.00003499","0.00003314","7,691.68B","2.72%"
"Dec 12, 2021","0.00003662","0.00003441","0.00003762","0.00003381","11,780.83B","6.61%"
"Dec 13, 2021","0.00003295","0.00003662","0.00003681","0.00003170","13,378.33B","-10.02%"
"Dec 14, 2021","0.00003398","0.00003294","0.00003563","0.00003247","13,139.48B","3.13%"
"Dec 15, 2021","0.00003384","0.00003398","0.00003432","0.00003208","9,938.67B","-0.41%"
"Dec 16, 2021","0.00003272","0.00003384","0.00003458","0.00003267","7,729.44B","-3.31%"
"Dec 17, 2021","0.00003119","0.00003272","0.00003313","0.00003021","10,274.55B","-4.68%"
"Dec 18, 2021","0.00003141","0.00003119","0.00003216","0.00003081","5,673.35B","0.71%"
"Dec 19, 2021","0.00003077","0.00003141","0.00003187","0.00003066","4,319.74B","-2.04%"
"Dec 20, 2021","0.00003120","0.00003077","0.00003362","0.00002830","16,405.00B","1.40%"
"Dec 21, 2021","0.00003284","0.00003120","0.00003346","0.00003097","11,871.70B","5.26%"
"Dec 22, 2021","0.00003503","0.00003283","0.00003781","0.00003254","19,862.19B","6.67%"
"Dec 23, 2021","0.00003868","0.00003503","0.00003894","0.00003444","16,386.44B","10.42%"
"Dec 24, 2021","0.00003621","0.00003867","0.00003986","0.00003577","14,637.95B","-6.39%"
"Dec 25, 2021","0.00003773","0.00003621","0.00003823","0.00003591","8,657.96B","4.20%"
"Dec 26, 2021","0.00003825","0.00003771","0.00003887","0.00003667","8,937.93B","1.38%"
"Dec 27, 2021","0.00003904","0.00003825","0.00003944","0.00003777","8,820.31B","2.07%"
"Dec 28, 2021","0.00003488","0.00003904","0.00003905","0.00003421","13,928.72B","-10.66%"
"Dec 29, 2021","0.00003366","0.00003489","0.00003626","0.00003314","9,241.91B","-3.50%"
"Dec 30, 2021","0.00003377","0.00003366","0.00003434","0.00003299","7,160.50B","0.33%"
"Dec 31, 2021","0.00003338","0.00003377","0.00003462","0.00003266","6,775.15B","-1.15%"
"Jan 01, 2022","0.00003415","0.00003338","0.00003417","0.00003336","4,069.02B","2.31%"
"Jan 02, 2022","0.00003402","0.00003415","0.00003444","0.00003348","3,799.82B","-0.38%"
"Jan 03, 2022","0.00003305","0.00003402","0.00003409","0.00003218","4,662.39B","-2.85%"
"Jan 04, 2022","0.00003242","0.00003305","0.00003348","0.00003238","5,079.47B","-1.91%"
"Jan 05, 2022","0.00003036","0.00003242","0.00003299","0.00002875","8,787.52B","-6.35%"
"Jan 06, 2022","0.00003076","0.00003036","0.00003179","0.00002920","8,538.25B","1.32%"
"Jan 07, 2022","0.00002896","0.00003076","0.00003084","0.00002865","10,618.17B","-5.85%"
"Jan 08, 2022","0.00002773","0.00002898","0.00002991","0.00002644","9,078.95B","-4.25%"
"Jan 09, 2022","0.00002826","0.00002773","0.00002909","0.00002752","5,874.53B","1.91%"
"Jan 10, 2022","0.00002670","0.00002826","0.00002871","0.00002555","9,432.21B","-5.52%"
"Jan 11, 2022","0.00002764","0.00002669","0.00002828","0.00002634","7,629.19B","3.52%"
"Jan 12, 2022","0.00003147","0.00002764","0.00003246","0.00002757","12,396.38B","13.86%"
"Jan 13, 2022","0.00002966","0.00003145","0.00003274","0.00002923","12,830.76B","-5.75%"
"Jan 14, 2022","0.00003079","0.00002966","0.00003256","0.00002933","12,444.90B","3.81%"
"Jan 15, 2022","0.00003084","0.00003078","0.00003149","0.00003053","5,256.26B","0.16%"
"Jan 16, 2022","0.00003049","0.00003084","0.00003101","0.00003010","4,644.78B","-1.13%"
"Jan 17, 2022","0.00002884","0.00003049","0.00003057","0.00002830","5,871.04B","-5.41%"
"Jan 18, 2022","0.00002809","0.00002884","0.00002947","0.00002745","7,185.48B","-2.60%"
"Jan 19, 2022","0.00002727","0.00002809","0.00002827","0.00002712","5,148.87B","-2.92%"
"Jan 20, 2022","0.00002649","0.00002727","0.00002875","0.00002631","5,507.57B","-2.86%"
"Jan 21, 2022","0.00002228","0.00002649","0.00002680","0.00002172","16,032.54B","-15.89%"
"Jan 22, 2022","0.00002053","0.00002224","0.00002247","0.00001714","32,285.30B","-7.85%"
"Jan 23, 2022","0.00002245","0.00002053","0.00002355","0.00002046","22,705.26B","9.35%"
"Jan 24, 2022","0.00002121","0.00002244","0.00002289","0.00001873","24,115.51B","-5.52%"
"Jan 25, 2022","0.00002101","0.00002121","0.00002158","0.00002012","11,993.40B","-0.94%"
"Jan 26, 2022","0.00002107","0.00002101","0.00002351","0.00002050","12,787.20B","0.29%"
"Jan 27, 2022","0.00002126","0.00002107","0.00002168","0.00001997","9,220.33B","0.90%"
"Jan 28, 2022","0.00002125","0.00002125","0.00002140","0.00002037","5,221.29B","-0.05%"
"Jan 29, 2022","0.00002166","0.00002125","0.00002233","0.00002113","5,392.56B","1.93%"
"Jan 30, 2022","0.00002110","0.00002166","0.00002219","0.00002088","4,705.87B","-2.59%"
"Jan 31, 2022","0.00002143","0.00002110","0.00002156","0.00002008","4,884.23B","1.56%"
"Feb 01, 2022","0.00002169","0.00002143","0.00002198","0.00002114","4,520.39B","1.21%"
"Feb 02, 2022","0.00002061","0.00002169","0.00002188","0.00002038","4,982.14B","-4.98%"
"Feb 03, 2022","0.00002070","0.00002060","0.00002080","0.00002016","4,084.43B","0.44%"
"Feb 04, 2022","0.00002219","0.00002075","0.00002230","0.00002053","6,541.23B","7.20%"
"Feb 05, 2022","0.00002251","0.00002219","0.00002385","0.00002205","8,562.64B","1.44%"
"Feb 06, 2022","0.00002844","0.00002250","0.00002860","0.00002225","19,621.24B","26.34%"
"Feb 07, 2022","0.00003253","0.00002844","0.00003517","0.00002716","40,456.37B","14.38%"
"Feb 08, 2022","0.00003092","0.00003253","0.00003496","0.00002943","32,046.85B","-4.95%"
"Feb 09, 2022","0.00003296","0.00003092","0.00003399","0.00003046","20,022.36B","6.60%"
"Feb 10, 2022","0.00003085","0.00003296","0.00003364","0.00003060","16,419.22B","-6.40%"
"Feb 11, 2022","0.00002870","0.00003083","0.00003233","0.00002796","14,363.28B","-6.97%"
"Feb 12, 2022","0.00002906","0.00002870","0.00002980","0.00002763","11,916.31B","1.25%"
"Feb 13, 2022","0.00003010","0.00002914","0.00003217","0.00002842","14,293.94B","3.58%"
"Feb 14, 2022","0.00002958","0.00003010","0.00003080","0.00002871","10,292.35B","-1.73%"
"Feb 15, 2022","0.00003125","0.00002958","0.00003170","0.00002955","10,296.33B","5.65%"
"Feb 16, 2022","0.00003090","0.00003125","0.00003158","0.00003000","8,177.27B","-1.12%"
"Feb 17, 2022","0.00002822","0.00003090","0.00003248","0.00002776","15,717.77B","-8.67%"
"Feb 18, 2022","0.00002810","0.00002822","0.00002994","0.00002784","10,355.86B","-0.43%"
"Feb 19, 2022","0.00002749","0.00002810","0.00002893","0.00002710","6,511.21B","-2.17%"
"Feb 20, 2022","0.00002547","0.00002749","0.00002760","0.00002492","9,091.97B","-7.35%"
"Feb 21, 2022","0.00002402","0.00002547","0.00002748","0.00002398","16,281.27B","-5.69%"
"Feb 22, 2022","0.00002495","0.00002402","0.00002519","0.00002313","12,001.90B","3.87%"
"Feb 23, 2022","0.00002486","0.00002495","0.00002737","0.00002461","15,165.29B","-0.36%"
"Feb 24, 2022","0.00002384","0.00002486","0.00002511","0.00002080","31,889.53B","-4.10%"
"Feb 25, 2022","0.00002488","0.00002384","0.00002505","0.00002305","14,511.38B","4.36%"
"Feb 26, 2022","0.00002444","0.00002488","0.00002586","0.00002422","8,670.20B","-1.77%"
"Feb 27, 2022","0.00002343","0.00002444","0.00002499","0.00002312","9,889.93B","-4.13%"
"Feb 28, 2022","0.00002579","0.00002343","0.00002593","0.00002286","12,476.14B","10.07%"
"Mar 01, 2022","0.00002711","0.00002579","0.00002841","0.00002539","16,236.25B","5.12%"
"Mar 02, 2022","0.00002590","0.00002711","0.00002717","0.00002558","10,866.28B","-4.46%"
"Mar 03, 2022","0.00002506","0.00002590","0.00002618","0.00002454","7,436.21B","-3.24%"
"Mar 04, 2022","0.00002356","0.00002506","0.00002524","0.00002313","550.39B","-5.99%"
"Mar 05, 2022","0.00002461","0.00002356","0.00002495","0.00002314","321.72B","4.46%"
"Mar 06, 2022","0.00002351","0.00002461","0.00002476","0.00002342","325.18B","-4.47%"
"Mar 07, 2022","0.00002281","0.00002351","0.00002386","0.00002220","512.78B","-2.98%"
"Mar 08, 2022","0.00002290","0.00002281","0.00002353","0.00002254","403.26B","0.39%"
"Mar 09, 2022","0.00002383","0.00002292","0.00002460","0.00002288","448.33B","4.06%"
"Mar 10, 2022","0.00002261","0.00002383","0.00002390","0.00002237","426.94B","-5.12%"
"Mar 11, 2022","0.00002205","0.00002262","0.00002310","0.00002189","390.68B","-2.48%"
"Mar 12, 2022","0.00002213","0.00002205","0.00002273","0.00002202","229.64B","0.36%"
"Mar 13, 2022","0.00002149","0.00002213","0.00002324","0.00002121","421.83B","-2.89%"
"Mar 14, 2022","0.00002202","0.00002149","0.00002236","0.00002129","412.34B","2.47%"
"Mar 15, 2022","0.00002161","0.00002202","0.00002212","0.00002124","293.44B","-1.86%"
"Mar 16, 2022","0.00002272","0.00002161","0.00002273","0.00002151","374.03B","5.14%"
"Mar 17, 2022","0.00002219","0.00002272","0.00002280","0.00002206","248.54B","-2.33%"
"Mar 18, 2022","0.00002232","0.00002218","0.00002266","0.00002167","266.71B","0.59%"
"Mar 19, 2022","0.00002415","0.00002234","0.00002551","0.00002218","15,277.67B","8.20%"
"Mar 20, 2022","0.00002311","0.00002415","0.00002443","0.00002255","9,085.70B","-4.31%"
"Mar 21, 2022","0.00002293","0.00002311","0.00002345","0.00002234","5,752.78B","-0.78%"
"Mar 22, 2022","0.00002345","0.00002293","0.00002402","0.00002291","7,784.56B","2.27%"
"Mar 23, 2022","0.00002443","0.00002345","0.00002505","0.00002309","9,559.45B","4.18%"
"Mar 24, 2022","0.00002468","0.00002443","0.00002528","0.00002406","9,892.23B","1.02%"
"Mar 25, 2022","0.00002411","0.00002468","0.00002533","0.00002363","8,971.43B","-2.31%"
"Mar 26, 2022","0.00002441","0.00002411","0.00002472","0.00002392","3,911.65B","1.24%"
"Mar 27, 2022","0.00002557","0.00002441","0.00002563","0.00002415","7,388.22B","4.75%"
"Mar 28, 2022","0.00002645","0.00002557","0.00002958","0.00002530","24,291.03B","3.44%"
"Mar 29, 2022","0.00002737","0.00002652","0.00002842","0.00002636","12,666.01B","3.48%"
"Mar 30, 2022","0.00002741","0.00002737","0.00002846","0.00002625","10,927.79B","0.15%"
"Mar 31, 2022","0.00002585","0.00002741","0.00002806","0.00002556","9,920.97B","-5.69%"
"Apr 01, 2022","0.00002614","0.00002584","0.00002647","0.00002467","8,318.60B","1.12%"
"Apr 02, 2022","0.00002578","0.00002614","0.00002746","0.00002571","9,831.46B","-1.38%"
"Apr 03, 2022","0.00002681","0.00002578","0.00002732","0.00002553","6,323.43B","4.00%"
"Apr 04, 2022","0.00002644","0.00002681","0.00002746","0.00002563","8,365.84B","-1.38%"
"Apr 05, 2022","0.00002675","0.00002644","0.00002843","0.00002625","11,284.10B","1.17%"
"Apr 06, 2022","0.00002437","0.00002675","0.00002680","0.00002418","9,437.99B","-8.90%"
"Apr 07, 2022","0.00002479","0.00002437","0.00002526","0.00002394","4,920.71B","1.72%"
"Apr 08, 2022","0.00002381","0.00002479","0.00002515","0.00002352","4,375.21B","-3.95%"
"Apr 09, 2022","0.00002460","0.00002381","0.00002463","0.00002368","3,173.24B","3.32%"
"Apr 10, 2022","0.00002447","0.00002460","0.00002538","0.00002437","4,149.87B","-0.53%"
"Apr 11, 2022","0.00002216","0.00002447","0.00002462","0.00002190","6,481.11B","-9.44%"
"Apr 12, 2022","0.00002693","0.00002216","0.00002992","0.00002191","39,885.26B","21.53%"
"Apr 13, 2022","0.00002691","0.00002693","0.00002798","0.00002565","18,091.90B","-0.07%"
"Apr 14, 2022","0.00002578","0.00002691","0.00002730","0.00002530","11,584.94B","-4.20%"
"Apr 15, 2022","0.00002589","0.00002578","0.00002623","0.00002549","3,815.89B","0.43%"
"Apr 16, 2022","0.00002559","0.00002590","0.00002607","0.00002534","2,950.58B","-1.16%"
"Apr 17, 2022","0.00002466","0.00002559","0.00002605","0.00002458","4,123.19B","-3.63%"
"Apr 18, 2022","0.00002522","0.00002465","0.00002534","0.00002363","7,504.38B","2.27%"
"Apr 19, 2022","0.00002543","0.00002522","0.00002560","0.00002487","4,953.34B","0.83%"
"Apr 20, 2022","0.00002483","0.00002543","0.00002583","0.00002463","6,473.43B","-2.36%"
"Apr 21, 2022","0.00002431","0.00002483","0.00002540","0.00002388","5,349.24B","-2.09%"
"Apr 22, 2022","0.00002430","0.00002431","0.00002468","0.00002399","4,128.09B","-0.04%"
"Apr 23, 2022","0.00002410","0.00002430","0.00002459","0.00002381","3,146.16B","-0.82%"
"Apr 24, 2022","0.00002395","0.00002410","0.00002437","0.00002357","2,711.64B","-0.62%"
"Apr 25, 2022","0.00002434","0.00002395","0.00002532","0.00002240","10,595.95B","1.63%"
"Apr 26, 2022","0.00002300","0.00002434","0.00002467","0.00002268","7,980.94B","-5.51%"
"Apr 27, 2022","0.00002344","0.00002298","0.00002399","0.00002284","7,185.89B","1.91%"
"Apr 28, 2022","0.00002296","0.00002344","0.00002351","0.00002271","4,918.06B","-2.05%"
"Apr 29, 2022","0.00002221","0.00002296","0.00002310","0.00002165","8,234.86B","-3.27%"
"Apr 30, 2022","0.00002017","0.00002221","0.00002247","0.00001857","9,116.66B","-9.19%"
"May 01, 2022","0.00002157","0.00002016","0.00002209","0.00001977","8,627.82B","6.94%"
"May 02, 2022","0.00002067","0.00002157","0.00002174","0.00002018","7,120.52B","-4.17%"
"May 03, 2022","0.00002031","0.00002067","0.00002102","0.00001995","5,045.83B","-1.74%"
"May 04, 2022","0.00002180","0.00002031","0.00002185","0.00002026","7,308.64B","7.34%"
"May 05, 2022","0.00002027","0.00002180","0.00002196","0.00001984","8,591.43B","-7.02%"
"May 06, 2022","0.00002001","0.00002027","0.00002035","0.00001954","7,146.77B","-1.28%"
"May 07, 2022","0.00001928","0.00002001","0.00002005","0.00001874","5,297.26B","-3.65%"
"May 08, 2022","0.00001843","0.00001928","0.00001931","0.00001828","7,505.48B","-4.41%"
"May 09, 2022","0.00001383","0.00001843","0.00001869","0.00001383","23,469.26B","-24.96%"
"May 10, 2022","0.00001616","0.00001383","0.00001796","0.00001360","27,853.99B","16.85%"
"May 11, 2022","0.00001202","0.00001616","0.00001675","0.00001105","29,683.10B","-25.62%"
"May 12, 2022","0.00001084","0.00001202","0.00001295","0.00000913","28,195.53B","-9.82%"
"May 13, 2022","0.00001282","0.00001084","0.00001433","0.00001049","28,194.60B","18.27%"
"May 14, 2022","0.00001255","0.00001281","0.00001362","0.00001143","14,134.76B","-2.11%"
"May 15, 2022","0.00001305","0.00001255","0.00001305","0.00001194","7,357.94B","3.98%"
"May 16, 2022","0.00001197","0.00001305","0.00001305","0.00001178","7,583.49B","-8.28%"
"May 17, 2022","0.00001255","0.00001200","0.00001275","0.00001198","8,774.02B","4.85%"
"May 18, 2022","0.00001153","0.00001255","0.00001265","0.00001146","6,048.45B","-8.13%"
"May 19, 2022","0.00001182","0.00001153","0.00001211","0.00001124","5,723.36B","2.52%"
"May 20, 2022","0.00001160","0.00001182","0.00001202","0.00001133","4,607.04B","-1.86%"
"May 21, 2022","0.00001174","0.00001160","0.00001203","0.00001137","3,332.62B","1.21%"
"May 22, 2022","0.00001191","0.00001174","0.00001206","0.00001164","3,817.30B","1.45%"
"May 23, 2022","0.00001167","0.00001191","0.00001289","0.00001149","8,006.00B","-2.02%"
"May 24, 2022","0.00001174","0.00001167","0.00001196","0.00001130","5,537.40B","0.60%"
"May 25, 2022","0.00001160","0.00001174","0.00001192","0.00001152","4,817.74B","-1.19%"
"May 26, 2022","0.00001058","0.00001160","0.00001170","0.00001033","9,743.50B","-8.79%"
"May 27, 2022","0.00001047","0.00001059","0.00001086","0.00001013","7,500.35B","-1.04%"
"May 28, 2022","0.00001077","0.00001047","0.00001087","0.00001041","3,212.16B","2.87%"
"May 29, 2022","0.00001150","0.00001077","0.00001180","0.00001056","7,491.98B","6.78%"
"May 30, 2022","0.00001217","0.00001150","0.00001242","0.00001130","9,454.15B","5.83%"
"May 31, 2022","0.00001173","0.00001217","0.00001230","0.00001152","5,805.49B","-3.62%"
"Jun 01, 2022","0.00001089","0.00001173","0.00001189","0.00001054","5,923.04B","-7.16%"
"Jun 02, 2022","0.00001121","0.00001089","0.00001130","0.00001073","3,451.79B","2.94%"
"Jun 03, 2022","0.00001080","0.00001121","0.00001124","0.00001055","3,610.97B","-3.66%"
"Jun 04, 2022","0.00001075","0.00001080","0.00001090","0.00001057","2,537.39B","-0.46%"